TransactionAmount,TransactionDuration,AccountBalance,CustomerAge,TransactionType,Channel,Cluster
14.09,81.0,5112.21,70.0,Debit,ATM,2
376.24,141.0,13758.91,68.0,Debit,ATM,2
126.29,56.0,1122.35,19.0,Debit,Online,3
184.5,25.000000000000004,8569.06,26.0,Debit,Online,3
13.45,198.0,7429.4,26.0,Credit,Online,3
92.15,172.0,781.68,18.0,Debit,ATM,2
7.08,139.0,13316.71,37.0,Credit,ATM,2
171.42,291.0,2796.24,67.0,Credit,Branch,1
106.23,86.0,9095.14,51.0,Credit,Branch,1
815.96,120.0,1021.8800000000001,55.0,Debit,ATM,2
17.78,59.00000000000001,7599.5199999999995,52.0,Credit,Online,3
190.02,173.0,1528.81,21.0,Debit,Online,3
494.52,111.0,1620.02,24.0,Credit,Branch,1
781.76,123.0,189.69,26.0,Debit,ATM,2
166.99,134.0,299.93,18.0,Debit,Online,3
465.45,129.0,3465.54,36.0,Debit,ATM,2
555.8,158.0,1131.26,19.0,Credit,Branch,1
492.93,234.0,5109.97,39.0,Debit,Online,3
18.68,106.0,7948.369999999999,59.0,Credit,Branch,1
71.48,169.0,6568.59,18.0,Credit,Online,3
59.32,37.99999999999999,5750.89,71.0,Debit,Branch,1
85.77,93.0,9146.19,38.0,Debit,Branch,1
52.2,120.0,8974.93,39.0,Debit,Online,3
345.84,142.0,1402.5,22.0,Debit,Online,3
145.54,96.0,1930.96,21.0,Debit,Online,3
7.49,276.0,3634.67,65.0,Credit,Online,3
246.93,158.0,673.3499999999999,23.0,Debit,ATM,2
40.32,95.0,2686.52,37.0,Debit,Branch,1
127.45,197.0,1772.06,44.0,Debit,Online,3
56.17,283.0,1351.69,27.0,Debit,Branch,1
28.31,20.0,8334.47,59.0,Credit,Online,3
59.12,257.0,9823.64,29.0,Debit,ATM,2
396.45,168.00000000000003,9690.15,49.0,Debit,ATM,2
877.81,150.0,399.0,22.0,Debit,Online,3
255.26,50.00000000000001,14815.87,45.0,Credit,Branch,1
124.76,45.0,5764.72,49.0,Debit,Branch,1
78.13,145.0,900.61,26.0,Debit,Branch,1
649.28,137.0,4875.86,75.0,Debit,ATM,2
795.31,90.0,7914.879999999999,66.0,Debit,ATM,2
335.63,215.99999999999997,1019.39,55.0,Debit,Online,3
328.47,119.0,4323.66,63.0,Debit,ATM,2
34.02,18.999999999999996,14214.48,38.0,Debit,Online,3
241.42000000000002,116.00000000000001,13357.02,57.0,Credit,Online,3
55.32,117.0,241.79000000000002,19.0,Debit,ATM,2
304.31,33.0,868.61,27.0,Debit,Branch,1
435.27,90.0,4673.28,74.0,Debit,Branch,1
164.49,75.0,1509.27,26.0,Debit,Branch,1
510.23999999999995,105.0,781.7,19.0,Debit,Online,3
626.9,138.0,265.51,26.0,Debit,Online,3
22.01,175.0,1335.09,41.0,Credit,Online,3
425.34,121.0,3907.5399999999995,69.0,Credit,Online,3
424.56,264.0,5183.85,51.0,Debit,Online,3
85.43,145.0,14904.9,67.0,Debit,Branch,1
169.5,142.0,918.8799999999999,28.0,Debit,Branch,1
104.63,90.0,4477.78,62.0,Debit,ATM,2
316.95,83.0,1324.03,25.0,Debit,Branch,1
60.540000000000006,52.00000000000001,3534.93,57.0,Credit,Branch,1
292.56,61.00000000000001,4638.37,68.0,Credit,Branch,1
386.52,28.0,5630.61,48.0,Debit,Branch,1
112.07,51.00000000000001,930.3,23.0,Debit,Branch,1
568.52,151.99999999999997,5499.91,46.0,Debit,ATM,2
263.99,227.0,4175.02,79.0,Debit,Branch,1
349.64,226.0,6651.62,48.0,Debit,Online,3
601.4,104.0,8458.29,56.0,Credit,Branch,1
5.77,123.99999999999999,13988.12,50.0,Debit,Online,3
201.33,186.0,2585.07,42.0,Credit,Branch,1
298.42,225.0,3014.75,56.0,Debit,Branch,1
521.06,128.0,1951.42,25.0,Debit,Branch,1
117.28,16.0,3665.77,60.0,Credit,Online,3
189.12,103.0,977.01,32.0,Credit,Branch,1
133.55,220.0,3846.2800000000007,44.0,Debit,ATM,2
143.21,135.0,6374.82,35.0,Debit,Online,3
24.77,55.0,5866.01,62.0,Debit,ATM,2
233.92,280.0,6537.62,26.0,Credit,Online,3
1212.51,24.0,605.9499999999999,20.0,Debit,Branch,1
232.12,51.00000000000001,6689.87,37.0,Debit,ATM,2
162.63,113.0,634.17,22.0,Debit,Online,3
91.53,69.00000000000001,14676.05,44.0,Debit,Branch,1
120.29,77.0,1362.39,19.0,Debit,Branch,1
174.25,67.0,10528.34,50.0,Debit,Online,3
183.71,102.0,552.52,38.0,Debit,ATM,2
345.39,80.0,6451.96,58.0,Credit,Online,3
922.55,87.0,4715.84,63.0,Debit,ATM,2
259.91,170.0,7176.86,49.0,Debit,Online,3
154.71,157.0,1523.72,34.0,Debit,Online,3
1340.19,30.0,8654.28,54.0,Credit,Online,3
24.56,69.00000000000001,9869.93,64.0,Debit,Branch,1
568.07,115.0,10556.81,48.0,Debit,ATM,2
9.61,179.0,12883.91,58.0,Credit,Online,3
392.96,100.00000000000001,791.65,24.0,Debit,Online,3
716.93,34.0,4064.02,60.0,Credit,Online,3
223.85,55.0,2929.91,53.0,Debit,ATM,2
230.66,135.0,618.05,21.0,Debit,Branch,1
442.12,260.0,1375.8,19.0,Debit,Online,3
644.17,72.0,1143.52,29.0,Debit,ATM,2
508.67999999999995,127.0,7708.41,51.0,Credit,Branch,1
858.63,185.0,1872.96,27.0,Credit,Branch,1
25.36,78.0,201.04,57.0,Debit,ATM,2
147.62,133.0,2115.8,71.0,Debit,Branch,1
115.02,175.0,7643.66,37.0,Debit,Branch,1
383.37,24.0,8901.93,30.0,Debit,Branch,1
98.54,167.0,9383.43,20.0,Credit,Online,3
83.24,164.0,1181.31,55.0,Credit,Branch,1
196.16,146.0,9418.86,27.0,Debit,Branch,1
129.94,235.0,7954.919999999999,32.0,Debit,ATM,2
306.9,51.00000000000001,9418.08,46.0,Debit,Online,3
114.98,80.0,6144.68,59.0,Debit,Online,3
756.59,17.0,420.65,27.0,Debit,Branch,1
503.76000000000005,35.0,447.82,22.0,Debit,Online,3
143.03,147.0,7981.450000000001,63.0,Debit,ATM,2
1045.22,73.0,1829.9,53.0,Debit,ATM,2
245.54,180.0,985.0600000000001,25.0,Debit,ATM,2
254.37000000000003,174.0,8849.26,51.0,Credit,Online,3
213.76,282.0,3528.72,78.0,Credit,ATM,2
327.86,104.0,480.16,40.0,Debit,Online,3
2.5,107.0,12145.27,47.0,Debit,Online,3
300.08,47.0,13546.75,68.0,Credit,Online,3
56.98,122.0,5688.37,43.0,Credit,ATM,2
407.65,61.99999999999999,8346.64,26.0,Debit,Online,3
115.83,167.0,6481.04,39.0,Debit,Branch,1
53.57,121.0,1651.33,69.0,Debit,ATM,2
63.34,165.0,11174.94,46.0,Credit,Online,3
317.87,91.0,145.5,27.0,Debit,Online,3
331.65,61.00000000000001,4172.57,41.0,Debit,Online,3
5.04,41.0,5558.36,56.0,Debit,ATM,2
214.54,247.0,11151.53,70.0,Credit,Online,3
598.81,158.0,1415.52,57.0,Debit,Branch,1
841.28,80.0,1103.64,26.0,Debit,Online,3
38.15,107.99999999999999,303.68,26.0,Debit,Online,3
1036.66,144.0,5541.57,58.0,Debit,Branch,1
124.72,105.0,6309.8,33.0,Debit,Branch,1
302.45,40.0,5133.61,78.0,Credit,Branch,1
208.04,273.0,9344.98,47.0,Debit,Online,3
5.77,254.0,1117.97,23.0,Credit,Branch,1
381.33,75.0,11835.35,56.0,Debit,ATM,2
16.16,123.99999999999999,14401.17,50.0,Debit,ATM,2
486.0799999999999,68.00000000000001,1748.69,18.0,Debit,Online,3
336.39,18.0,1000.46,21.0,Debit,Branch,1
997.4299999999998,118.0,6810.05,69.0,Debit,Online,3
234.57,120.0,263.98,23.0,Debit,Online,3
6.0,246.0,5442.76,30.0,Debit,Online,3
1049.92,21.000000000000004,2037.85,80.0,Debit,ATM,2
227.14,294.0,341.94,18.0,Debit,ATM,2
233.74,17.0,1066.59,66.0,Credit,Online,3
113.02,166.0,6077.96,69.0,Credit,Branch,1
45.85,91.99999999999999,1659.15,20.0,Debit,ATM,2
973.3899999999999,296.0,2042.22,77.0,Debit,Branch,1
514.95,142.0,421.93,41.0,Debit,Online,3
415.5,141.0,10113.66,66.0,Debit,ATM,2
265.76,91.99999999999999,4446.17,54.0,Debit,Online,3
69.4,113.0,6452.77,80.0,Debit,Online,3
332.93,293.0,2788.2,35.0,Credit,Branch,1
267.9,160.0,596.1599999999999,20.0,Debit,Online,3
496.0299999999999,265.0,12904.66,61.0,Debit,Branch,1
376.26,245.0,9062.4,37.0,Debit,ATM,2
83.02,171.0,9009.56,36.0,Credit,Online,3
93.26,72.0,1152.2,20.0,Credit,Online,3
803.37,129.0,12168.37,68.0,Credit,Branch,1
35.76,122.0,611.8599999999999,23.0,Debit,Branch,1
28.53,99.0,8670.53,62.0,Debit,Online,3
139.53,177.0,10098.86,53.0,Credit,Online,3
307.57,285.0,5307.74,33.0,Debit,Branch,1
60.650000000000006,53.00000000000001,1047.28,56.0,Credit,Branch,1
74.86,125.0,6921.48,70.0,Debit,Branch,1
117.97,137.0,1475.46,51.0,Debit,Branch,1
231.91,165.0,112.76,34.0,Debit,ATM,2
126.20999999999998,268.0,5669.66,75.0,Debit,Branch,1
506.28,162.0,1309.95,53.0,Credit,Online,3
304.35,36.0,4057.1,31.0,Debit,Branch,1
281.85,109.0,1585.98,22.0,Debit,ATM,2
777.88,17.0,6825.55,31.0,Debit,Branch,1
119.18,96.0,5516.5,56.0,Debit,Branch,1
177.19,43.0,5343.3,76.0,Debit,Online,3
260.88,36.0,903.05,22.0,Debit,Branch,1
169.47,18.999999999999996,1806.16,24.0,Debit,Online,3
73.23,14.0,787.7399999999999,26.0,Debit,Branch,1
1362.55,106.0,2429.68,29.0,Debit,ATM,2
792.57,164.0,770.37,19.0,Debit,ATM,2
237.06,45.99999999999999,1182.77,71.0,Debit,Online,3
34.17,53.99999999999999,726.55,54.0,Credit,Online,3
740.25,123.0,14464.3,41.0,Debit,Online,3
453.54,82.0,12046.3,58.0,Debit,ATM,2
300.47,100.00000000000001,7885.64,73.0,Debit,Branch,1
110.93,201.0,1952.3499999999997,19.0,Credit,Branch,1
201.69,299.0,7328.52,59.0,Debit,ATM,2
399.21,109.0,3210.39,59.0,Debit,ATM,2
1041.88,57.0,5726.2,78.0,Debit,Online,3
630.36,52.00000000000001,1363.65,62.0,Debit,ATM,2
10.94,245.0,1241.99,60.0,Credit,ATM,2
215.9,235.0,7873.280000000001,38.0,Debit,ATM,2
1422.55,165.0,5674.32,79.0,Debit,Branch,1
226.37,141.0,9840.04,49.0,Credit,Branch,1
444.89,101.0,10328.23,43.0,Credit,Branch,1
280.57,24.0,293.24,25.0,Credit,Online,3
488.54,132.0,7486.63,52.0,Debit,Branch,1
3.3,131.0,11385.37,50.0,Credit,Branch,1
199.39,165.0,7264.79,69.0,Debit,Branch,1
20.36,75.0,2762.48,62.0,Debit,Branch,1
113.64,32.0,6675.03,62.0,Debit,Online,3
493.11,236.0,7432.99,53.0,Debit,Branch,1
307.41,14.0,1057.0,19.0,Debit,ATM,2
11.18,161.0,5956.89,43.0,Debit,Online,3
313.82,151.0,7261.59,59.0,Debit,Branch,1
51.0,107.0,4943.16,64.0,Debit,Branch,1
140.98,100.00000000000001,8127.4800000000005,60.0,Debit,Branch,1
288.04,63.0,1748.02,68.0,Debit,ATM,2
800.55,107.99999999999999,9660.22,31.0,Debit,ATM,2
485.54,143.0,6371.51,46.0,Debit,ATM,2
521.15,214.0,9442.47,54.0,Debit,ATM,2
321.79,61.00000000000001,5959.2,63.0,Credit,ATM,2
304.93,158.0,13531.22,65.0,Debit,ATM,2
432.08,145.0,11500.62,40.0,Debit,ATM,2
694.2,72.0,1389.37,61.0,Debit,ATM,2
116.86,171.0,6706.56,55.0,Debit,ATM,2
386.81,149.0,7175.29,57.0,Credit,Online,3
74.88,202.0,420.67,25.0,Debit,ATM,2
195.76,99.0,7323.53,75.0,Debit,Branch,1
134.7,106.0,8395.85,50.0,Debit,ATM,2
890.24,161.0,5140.93,33.0,Credit,Online,3
361.27,180.0,7945.57,63.0,Debit,ATM,2
131.56,42.00000000000001,5873.54,44.0,Debit,Branch,1
485.51,37.0,3074.45,76.0,Credit,Online,3
547.87,131.0,6155.76,64.0,Debit,ATM,2
457.3,15.0,8318.29,28.0,Debit,Online,3
506.24,64.0,230.09,58.0,Debit,ATM,2
486.59,119.0,2513.56,57.0,Debit,Branch,1
163.68,292.0,10090.05,41.0,Debit,Branch,1
581.65,176.0,480.19000000000005,22.0,Debit,ATM,2
52.01,85.0,1120.88,48.0,Debit,ATM,2
630.24,61.99999999999999,370.81,21.0,Debit,ATM,2
523.74,159.0,13498.55,43.0,Debit,ATM,2
705.6,123.99999999999999,14804.7,40.0,Debit,Branch,1
217.5,35.0,3057.4,46.0,Credit,Branch,1
91.48,141.0,14942.779999999999,51.0,Debit,ATM,2
5.25,49.0,14143.32,39.0,Debit,ATM,2
54.03,161.0,6736.3,56.0,Credit,ATM,2
736.73,10.0,3313.07,48.0,Debit,Branch,1
368.91,14.0,829.7099999999999,54.0,Debit,Branch,1
33.06,170.0,1540.87,53.0,Credit,Online,3
66.5,144.0,6820.23,32.0,Credit,Online,3
177.08,85.0,13475.14,35.0,Debit,Online,3
588.54,130.0,714.4499999999999,32.0,Debit,Branch,1
173.5,282.0,1306.91,21.0,Debit,ATM,2
78.33,189.0,7255.33,56.0,Credit,Online,3
40.66,156.0,1153.84,59.0,Debit,Branch,1
97.22,55.0,6647.73,77.0,Credit,Branch,1
34.07,81.0,8709.77,22.0,Debit,Branch,1
492.06000000000006,74.0,857.9,23.0,Debit,Online,3
842.01,185.0,509.45000000000005,53.0,Credit,Online,3
73.55,158.0,2812.06,51.0,Debit,ATM,2
760.53,118.0,6179.91,57.0,Debit,Online,3
273.08,134.0,6609.3,26.0,Credit,Branch,1
371.69,143.0,3484.32,67.0,Debit,Branch,1
218.96,13.0,754.21,18.0,Debit,ATM,2
227.39,65.0,751.09,18.0,Debit,Online,3
237.99,86.0,8510.09,39.0,Credit,Branch,1
186.6,13.0,1508.72,58.0,Debit,Online,3
341.15,148.0,511.36999999999995,18.0,Debit,Online,3
434.58,215.0,12648.32,59.0,Debit,ATM,2
312.88,44.0,233.21,54.0,Credit,Branch,1
75.15,154.0,1092.92,23.0,Debit,ATM,2
23.3,161.0,6711.15,59.0,Debit,ATM,2
47.38,61.00000000000001,459.37,25.0,Credit,Online,3
512.81,30.0,6994.34,79.0,Debit,Branch,1
488.15000000000003,168.00000000000003,7071.09,43.0,Debit,Branch,1
12.82,156.0,9045.19,44.0,Debit,ATM,2
66.9,129.0,5238.71,79.0,Credit,Online,3
535.91,22.0,9642.12,43.0,Debit,Online,3
270.72,53.00000000000001,6263.96,26.0,Credit,Online,3
97.98,18.0,7460.329999999999,72.0,Debit,Branch,1
196.08,98.0,4233.82,61.0,Debit,Online,3
251.18000000000004,246.0,8303.9,42.0,Debit,ATM,2
44.52,205.0,314.28,28.0,Debit,Online,3
178.87,180.0,5241.23,35.0,Debit,Online,3
1176.28,174.0,323.69,54.0,Credit,ATM,2
386.68,128.0,6863.06,46.0,Debit,Branch,1
167.14,20.0,3877.7299999999996,76.0,Debit,Online,3
345.22,253.0,4046.5800000000004,69.0,Debit,Branch,1
74.85,117.0,2409.73,72.0,Debit,ATM,2
671.73,53.99999999999999,5211.88,58.0,Debit,Branch,1
255.03999999999996,151.99999999999997,6217.86,45.0,Debit,ATM,2
45.77,109.0,5978.12,25.0,Debit,Online,3
329.69,66.0,1671.66,26.0,Credit,Online,3
362.04,198.0,8421.88,58.0,Credit,Branch,1
11.92,52.00000000000001,14611.9,53.0,Debit,Branch,1
47.42,28.0,8253.52,64.0,Debit,ATM,2
35.99,129.0,4489.79,63.0,Debit,Branch,1
151.19,96.0,11903.82,37.0,Credit,Branch,1
242.62,234.0,483.02000000000004,22.0,Credit,Online,3
48.72,17.0,816.0799999999999,21.0,Debit,Branch,1
43.46,80.0,578.06,25.0,Debit,ATM,2
1036.21,126.0,477.3,25.0,Debit,Online,3
443.79,87.0,3133.85,53.0,Debit,ATM,2
365.14,57.0,5894.09,68.0,Debit,Online,3
757.41,37.0,9532.42,22.0,Debit,ATM,2
20.54,72.0,5327.03,51.0,Debit,Branch,1
475.36,105.0,2000.6,34.0,Debit,ATM,2
34.74,24.0,6827.57,56.0,Debit,ATM,2
689.54,93.0,1633.76,27.0,Debit,Branch,1
211.18,90.0,4069.1699999999996,73.0,Debit,ATM,2
211.36,286.0,7943.469999999999,51.0,Credit,Branch,1
744.41,107.0,8842.47,39.0,Credit,Online,3
61.43,170.0,1882.77,24.0,Debit,Online,3
167.44,82.0,12526.71,37.0,Debit,Branch,1
361.46,83.0,4737.84,21.0,Debit,Online,3
378.85,126.0,2300.53,78.0,Debit,Branch,1
241.10999999999999,55.0,12385.05,30.0,Debit,Branch,1
131.93,13.0,4547.06,31.0,Credit,Branch,1
20.28,213.0,2047.83,36.0,Debit,Online,3
415.88,170.0,10008.33,70.0,Debit,Branch,1
49.99,139.0,2299.64,62.0,Debit,ATM,2
1221.65,153.0,243.92,27.0,Debit,Online,3
100.66,144.0,14473.33,50.0,Debit,Branch,1
485.54,148.0,1533.32,19.0,Debit,Online,3
321.15,179.0,7005.05,46.0,Debit,Branch,1
711.3,51.00000000000001,955.4,21.0,Debit,Branch,1
12.23,139.0,7844.880000000001,42.0,Debit,ATM,2
350.94,64.0,221.56,20.0,Debit,ATM,2
301.85,25.000000000000004,6586.19,54.0,Debit,Online,3
29.34,30.0,3944.82,65.0,Debit,Online,3
231.71,148.0,1127.98,27.0,Debit,Branch,1
179.43,244.0,2626.63,58.0,Debit,ATM,2
36.71,55.0,6459.38,48.0,Debit,Branch,1
138.12,281.0,1649.69,53.0,Credit,Branch,1
233.24,72.0,6939.23,33.0,Debit,ATM,2
609.14,177.0,9033.87,39.0,Debit,ATM,2
436.64,111.0,14365.18,31.0,Debit,Branch,1
870.43,55.0,10115.18,29.0,Debit,Branch,1
354.4,128.0,7358.65,74.0,Debit,ATM,2
22.63,112.0,4438.03,53.0,Debit,Online,3
182.19,53.00000000000001,1176.1,26.0,Debit,Branch,1
126.81,290.0,5427.98,26.0,Debit,Branch,1
288.17,50.00000000000001,3653.11,37.0,Debit,Online,3
118.77,123.0,2104.82,55.0,Debit,Branch,1
651.82,166.0,1802.77,21.0,Debit,ATM,2
66.65,33.0,3559.96,37.0,Debit,ATM,2
98.53,166.0,3564.8,69.0,Debit,Branch,1
138.95,30.0,6752.92,71.0,Debit,Online,3
33.89,177.0,1444.75,26.0,Debit,Branch,1
23.71,164.0,10788.89,58.0,Debit,Branch,1
1830.0,238.0,2235.7,55.0,Debit,Online,3
26.06,283.0,12893.63,65.0,Debit,ATM,2
17.07,44.0,2798.15,27.0,Debit,Branch,1
703.89,61.99999999999999,3583.67,46.0,Debit,Online,3
1271.9,155.0,2120.8,47.0,Debit,ATM,2
26.55,228.0,3085.38,77.0,Debit,ATM,2
147.4,259.0,6797.71,42.0,Debit,Branch,1
202.11,18.0,746.47,27.0,Debit,ATM,2
308.42,39.0,5427.81,75.0,Debit,Branch,1
11.18,144.0,7467.300000000001,53.0,Debit,ATM,2
294.15,136.0,6362.16,38.0,Debit,Online,3
29.58,121.0,8345.26,54.0,Debit,Branch,1
139.45,30.999999999999996,1305.76,27.0,Debit,Online,3
432.63,137.0,13648.36,29.0,Debit,ATM,2
131.43,65.0,1337.5,43.0,Debit,Online,3
516.72,128.0,2015.6900000000003,42.0,Debit,ATM,2
121.82000000000001,123.0,8354.54,69.0,Debit,Online,3
374.5,178.0,1671.51,26.0,Credit,Branch,1
166.13,227.0,11822.53,68.0,Debit,ATM,2
626.9,146.0,587.1099999999999,23.0,Debit,ATM,2
466.85,165.0,5422.53,56.0,Debit,Branch,1
788.84,231.0,1913.73,58.0,Debit,Online,3
873.65,59.00000000000001,12139.83,37.0,Credit,Online,3
525.28,134.0,4693.6,69.0,Debit,ATM,2
110.17,137.0,464.2,30.0,Debit,ATM,2
632.69,75.99999999999999,4363.74,80.0,Debit,ATM,2
124.35,90.0,3319.76,72.0,Debit,ATM,2
43.85,122.0,4356.98,62.0,Debit,ATM,2
283.81,29.000000000000004,1519.35,28.0,Debit,Branch,1
168.53,112.0,5962.58,71.0,Debit,ATM,2
218.59,123.0,6699.23,40.0,Credit,Branch,1
132.84,143.0,822.73,21.0,Debit,ATM,2
157.37,289.0,13964.31,42.0,Credit,Branch,1
144.77,159.0,867.3199999999999,20.0,Debit,Online,3
643.22,93.0,1035.86,64.0,Debit,ATM,2
1392.54,297.0,13347.69,41.0,Debit,Branch,1
208.07,36.0,8478.9,32.0,Debit,Online,3
94.3,57.0,11088.95,57.0,Debit,Branch,1
295.5,36.0,6280.66,59.0,Debit,ATM,2
30.229999999999997,99.0,481.13,44.0,Debit,ATM,2
112.05,159.0,1122.88,26.0,Credit,ATM,2
180.24,144.0,8431.23,58.0,Debit,Branch,1
13.71,148.0,8342.79,38.0,Credit,Online,3
96.54,95.0,7182.22,58.0,Debit,Branch,1
79.35,70.0,1692.15,67.0,Debit,Online,3
101.04,160.0,1695.57,27.0,Debit,ATM,2
74.42,68.00000000000001,6264.21,49.0,Debit,Online,3
39.66,169.0,8497.34,52.0,Debit,Branch,1
99.36,45.99999999999999,1272.12,40.0,Debit,ATM,2
123.85,244.0,3959.62,56.0,Debit,Online,3
426.93,247.99999999999997,476.18999999999994,19.0,Debit,ATM,2
133.73,123.0,1872.2200000000003,25.0,Credit,Online,3
222.39,73.0,3117.39,49.0,Debit,Online,3
215.94,140.0,1841.69,22.0,Credit,Online,3
6.3,283.0,7697.680000000001,80.0,Debit,Branch,1
826.23,209.0,7580.590000000001,29.0,Debit,ATM,2
416.37,67.0,7936.91,35.0,Debit,Online,3
131.46,258.0,6642.33,67.0,Debit,Branch,1
202.86,149.0,7642.250000000001,61.0,Credit,Branch,1
268.39,171.0,136.74,26.0,Debit,ATM,2
194.85,130.0,319.84,23.0,Debit,Online,3
137.35,220.0,12662.66,40.0,Credit,Online,3
712.75,25.000000000000004,8126.0599999999995,44.0,Debit,Branch,1
353.82,143.0,705.7499999999999,42.0,Debit,ATM,2
507.25000000000006,143.0,5331.57,73.0,Debit,Branch,1
212.74,128.0,7645.469999999999,27.0,Debit,Branch,1
364.42,146.0,8119.73,51.0,Debit,ATM,2
195.12,144.0,6101.15,46.0,Debit,ATM,2
230.61,204.0,2561.42,80.0,Debit,Branch,1
739.28,47.0,11905.64,58.0,Credit,Branch,1
390.35,61.00000000000001,7095.88,64.0,Credit,ATM,2
242.03000000000003,123.99999999999999,4382.73,58.0,Debit,Online,3
242.39000000000001,271.0,1328.73,18.0,Credit,ATM,2
135.03,180.0,1278.0,23.0,Debit,ATM,2
83.5,91.0,1749.79,61.0,Debit,Branch,1
193.54,267.0,2929.51,80.0,Debit,Branch,1
617.36,61.00000000000001,8926.38,29.0,Debit,Branch,1
775.23,37.99999999999999,5977.59,59.0,Credit,Online,3
266.57,100.00000000000001,7676.92,72.0,Debit,ATM,2
153.4,144.0,4657.7,45.0,Debit,ATM,2
946.94,251.0,5579.11,53.0,Debit,Branch,1
5.12,90.0,3293.01,34.0,Debit,Branch,1
119.11,131.0,7998.25,57.0,Debit,ATM,2
1096.7,147.0,1093.89,24.0,Debit,Online,3
119.72,123.0,3435.34,30.0,Debit,Branch,1
107.4,32.0,344.07,58.0,Debit,Online,3
115.92,57.0,3897.17,53.0,Debit,ATM,2
438.04,247.0,5358.95,67.0,Debit,ATM,2
677.29,287.0,627.79,27.0,Debit,Online,3
296.0,247.99999999999997,7418.82,35.0,Debit,Branch,1
299.09,84.00000000000001,5615.26,36.0,Credit,Branch,1
461.52,44.0,1995.1799999999998,24.0,Credit,Branch,1
100.52,110.0,453.39,50.0,Debit,ATM,2
85.35,166.0,2173.76,66.0,Debit,ATM,2
79.76,170.0,6452.14,39.0,Debit,Branch,1
778.49,107.0,7713.67,75.0,Credit,Online,3
386.38,135.0,5528.36,42.0,Debit,Online,3
165.25,106.0,9939.94,35.0,Debit,Online,3
14.29,150.0,7016.99,34.0,Debit,ATM,2
232.79,145.0,2661.3,55.0,Credit,Branch,1
1237.56,159.0,9410.17,60.0,Credit,Branch,1
92.29,115.0,2026.3199999999997,54.0,Debit,Branch,1
293.97,153.0,7371.85,68.0,Debit,Branch,1
136.32,113.0,264.83,19.0,Debit,Online,3
251.06,34.0,10001.66,36.0,Debit,Online,3
50.17,35.0,7752.140000000001,77.0,Credit,ATM,2
21.4,258.0,9594.11,34.0,Debit,Branch,1
73.28,21.000000000000004,1329.41,21.0,Debit,Branch,1
70.23,260.0,11624.93,38.0,Debit,ATM,2
689.29,100.00000000000001,168.84,22.0,Debit,ATM,2
745.03,231.0,160.57,28.0,Debit,Online,3
54.61,160.0,7135.64,58.0,Debit,ATM,2
54.05,146.0,469.13999999999993,27.0,Debit,Branch,1
107.47,144.0,7517.499999999999,67.0,Debit,Online,3
611.11,282.0,919.84,20.0,Debit,ATM,2
219.63,44.0,8013.63,48.0,Debit,ATM,2
188.7,123.0,5077.06,54.0,Debit,Branch,1
93.52,97.0,2791.2,51.0,Debit,Online,3
275.92,107.0,1777.38,62.0,Credit,Branch,1
376.79,265.0,7749.14,68.0,Debit,Branch,1
8.98,56.0,4516.76,66.0,Debit,Online,3
697.32,91.0,2016.0200000000002,68.0,Debit,Online,3
17.45,88.0,1959.52,18.0,Debit,ATM,2
302.16,138.0,3876.61,80.0,Debit,Online,3
442.74,136.0,1790.27,23.0,Debit,Branch,1
623.9,249.0,711.4699999999999,27.0,Debit,ATM,2
445.41,235.0,12154.66,35.0,Debit,ATM,2
63.41,36.0,1546.22,26.0,Debit,ATM,2
346.85,88.0,7208.15,44.0,Debit,ATM,2
71.95,53.00000000000001,9267.32,59.0,Credit,Online,3
7.5,36.0,6485.78,63.0,Debit,Online,3
206.46,279.0,3984.38,65.0,Debit,ATM,2
423.11,47.0,412.78,60.0,Debit,ATM,2
35.84,172.0,4795.65,54.0,Credit,Online,3
88.6,105.0,246.57,28.0,Credit,Branch,1
1431.3,168.00000000000003,1058.13,18.0,Debit,ATM,2
53.81,37.0,2564.62,55.0,Credit,ATM,2
22.46,78.0,6631.5,54.0,Debit,Online,3
334.89,260.0,1661.68,21.0,Debit,Online,3
319.27,59.00000000000001,5504.01,54.0,Credit,Online,3
144.3,88.0,312.19,18.0,Debit,ATM,2
348.7,149.0,2445.58,69.0,Credit,Branch,1
366.21,181.0,10862.99,62.0,Debit,ATM,2
99.11,12.0,5414.87,55.0,Debit,Online,3
539.35,127.0,3919.4399999999996,55.0,Debit,ATM,2
188.99,91.99999999999999,7315.34,58.0,Debit,Branch,1
1416.69,58.00000000000001,3740.7300000000005,46.0,Debit,ATM,2
710.14,227.0,465.62999999999994,26.0,Debit,ATM,2
308.68,170.0,9992.36,53.0,Debit,Online,3
166.68,139.0,5141.19,57.0,Debit,ATM,2
0.99,133.0,4317.85,45.0,Debit,ATM,2
505.18999999999994,128.0,5326.68,30.0,Debit,ATM,2
66.58,79.0,1636.32,23.0,Debit,Branch,1
223.43,178.0,7932.410000000001,77.0,Debit,Branch,1
659.95,114.0,3927.6900000000005,60.0,Debit,Online,3
634.86,45.0,588.4999999999999,27.0,Debit,ATM,2
286.5,60.00000000000001,8517.95,30.0,Credit,Branch,1
322.96,168.00000000000003,2401.59,76.0,Credit,Branch,1
654.48,114.0,6776.41,19.0,Debit,Branch,1
157.97,140.0,5529.92,48.0,Debit,Branch,1
120.90000000000002,52.00000000000001,9009.42,40.0,Debit,Branch,1
254.77,57.0,5994.87,57.0,Debit,Branch,1
795.96,119.0,5468.58,65.0,Debit,Online,3
149.25,142.0,5677.52,39.0,Debit,ATM,2
3.42,158.0,14180.21,43.0,Credit,Online,3
68.19,189.0,9895.1,40.0,Credit,Online,3
493.4200000000001,111.0,2232.84,39.0,Debit,Branch,1
37.57,42.00000000000001,7739.54,57.0,Debit,ATM,2
127.00000000000001,68.00000000000001,431.16,19.0,Credit,Branch,1
96.89,53.00000000000001,6044.93,59.0,Debit,ATM,2
448.33,161.0,922.19,25.0,Debit,ATM,2
1116.48,55.0,447.53,51.0,Debit,ATM,2
8.65,273.0,10778.35,48.0,Debit,Online,3
65.57,82.0,7513.79,41.0,Debit,Online,3
539.81,177.0,2051.25,46.0,Debit,Online,3
363.53,142.0,1038.91,63.0,Debit,ATM,2
64.9,72.0,6854.61,51.0,Credit,Branch,1
358.18,157.0,619.86,18.0,Debit,ATM,2
167.2,84.00000000000001,11320.83,30.0,Debit,Branch,1
121.90999999999998,133.0,14510.8,60.0,Debit,Branch,1
137.57,70.0,5103.67,54.0,Debit,Online,3
534.62,45.0,13793.53,55.0,Debit,Online,3
463.92,199.0,2403.39,50.0,Debit,Online,3
320.14,96.0,3075.97,60.0,Debit,Online,3
214.93,52.00000000000001,7835.4,28.0,Debit,Online,3
660.02,84.00000000000001,414.43,20.0,Debit,Branch,1
345.81,135.0,6116.8,40.0,Debit,Branch,1
143.54,80.0,6067.62,71.0,Debit,ATM,2
42.55,29.000000000000004,7341.43,53.0,Debit,Branch,1
1063.25,128.0,1240.71,21.0,Credit,Online,3
541.79,125.0,1454.08,22.0,Debit,ATM,2
40.57,63.0,1476.91,26.0,Debit,Branch,1
120.24000000000001,131.0,1943.1300000000003,18.0,Debit,Branch,1
498.66999999999996,244.0,1719.97,28.0,Debit,Online,3
227.22,220.0,832.82,53.0,Debit,ATM,2
1182.86,34.0,7696.16,30.0,Debit,Online,3
56.94,74.0,7004.63,76.0,Credit,Online,3
629.82,159.0,6385.69,68.0,Debit,ATM,2
59.44,176.0,5472.03,35.0,Debit,Online,3
186.69,53.99999999999999,8602.22,30.0,Debit,Branch,1
230.46,179.0,162.53,19.0,Debit,Online,3
65.09,159.0,9370.9,44.0,Credit,Online,3
457.09,63.0,8570.82,55.0,Credit,Online,3
552.02,100.00000000000001,522.08,44.0,Credit,ATM,2
377.12,61.00000000000001,836.6699999999998,34.0,Debit,ATM,2
204.56,179.0,364.72,18.0,Credit,Branch,1
420.28,144.0,8557.32,35.0,Debit,Branch,1
97.09,202.0,1579.57,24.0,Debit,ATM,2
124.59,171.0,129.29,27.0,Debit,Branch,1
73.88,34.0,6474.41,39.0,Debit,Online,3
77.43,169.0,1380.21,21.0,Debit,Online,3
106.16,277.0,7487.790000000001,56.0,Debit,ATM,2
245.93,172.0,7986.629999999999,54.0,Debit,Branch,1
622.41,125.0,7322.01,64.0,Debit,ATM,2
43.73,145.0,9929.43,34.0,Debit,ATM,2
1282.86,68.00000000000001,1830.98,19.0,Debit,Branch,1
2.03,28.0,3012.31,33.0,Credit,ATM,2
770.65,137.0,7198.8,31.0,Debit,Online,3
260.31,113.0,10980.38,63.0,Debit,Branch,1
356.1,187.0,868.35,26.0,Credit,Branch,1
27.07,39.0,3773.2899999999995,80.0,Credit,Branch,1
119.89,60.00000000000001,6697.77,67.0,Debit,ATM,2
106.39,281.0,9410.99,37.0,Debit,Online,3
12.04,58.00000000000001,6213.32,37.0,Debit,Online,3
365.7,115.0,368.78,21.0,Debit,Branch,1
29.38,63.0,1663.31,28.0,Credit,Branch,1
319.85,148.0,711.6599999999999,60.0,Debit,ATM,2
350.14,37.99999999999999,2403.25,75.0,Credit,Online,3
163.94,73.0,5957.37,52.0,Credit,Branch,1
170.53,58.00000000000001,801.01,24.0,Debit,Branch,1
262.22,136.0,5711.71,40.0,Credit,ATM,2
41.49,13.0,928.33,24.0,Debit,Online,3
121.43,243.0,7365.28,52.0,Credit,Branch,1
350.46,165.0,5839.38,51.0,Debit,Branch,1
220.41,155.0,5116.98,26.0,Credit,Online,3
33.46,111.0,3641.07,72.0,Debit,ATM,2
104.79,223.0,1352.19,70.0,Debit,ATM,2
246.27000000000004,141.0,7299.86,29.0,Debit,Online,3
48.85,176.0,1503.56,19.0,Debit,ATM,2
332.0,17.0,5943.13,69.0,Debit,ATM,2
118.1,167.0,895.6599999999999,54.0,Debit,Online,3
84.59,10.0,5669.1,67.0,Credit,Branch,1
295.64,82.0,1061.96,21.0,Debit,Online,3
514.33,160.0,1592.94,25.0,Debit,Branch,1
992.1700000000001,169.0,6215.96,43.0,Debit,ATM,2
94.59,34.0,6171.89,39.0,Debit,Online,3
80.43,157.0,5987.67,59.0,Debit,Branch,1
54.25,37.0,14783.33,68.0,Debit,Online,3
178.88,93.0,4708.29,76.0,Credit,Branch,1
518.85,82.0,1806.0,22.0,Debit,Online,3
10.65,161.0,13240.72,54.0,Debit,Online,3
198.62,84.00000000000001,1196.07,27.0,Credit,Branch,1
107.03,73.0,1408.07,27.0,Debit,Branch,1
139.57,263.0,271.78,19.0,Debit,ATM,2
312.47,148.0,9419.27,49.0,Debit,ATM,2
346.11,213.0,9551.64,41.0,Debit,Branch,1
138.06,159.0,1070.47,44.0,Debit,Branch,1
158.02,120.0,9374.24,49.0,Debit,ATM,2
830.01,96.0,4253.18,66.0,Credit,Online,3
435.5,112.0,6981.03,55.0,Debit,ATM,2
110.49,48.0,10483.93,57.0,Debit,Online,3
329.4,68.00000000000001,9588.07,34.0,Debit,Online,3
635.4,106.0,1238.11,47.0,Debit,ATM,2
769.97,22.999999999999996,1244.93,22.0,Debit,Branch,1
175.07,169.0,1040.25,26.0,Debit,Branch,1
7.31,282.0,5757.67,78.0,Debit,Branch,1
175.15,32.0,1712.65,27.0,Debit,ATM,2
32.54,183.0,1544.88,25.0,Debit,Online,3
121.82000000000001,119.0,13293.83,60.0,Debit,Online,3
56.12,102.0,8839.67,30.0,Debit,ATM,2
424.7,178.0,6239.89,56.0,Credit,Online,3
35.16,130.0,8459.18,32.0,Debit,Branch,1
35.73,87.0,9073.17,65.0,Debit,Branch,1
3.44,107.99999999999999,7561.33,78.0,Debit,ATM,2
1342.25,235.0,694.03,21.0,Credit,Branch,1
139.03,81.0,2276.57,50.0,Credit,Online,3
254.92,169.0,2791.12,28.0,Credit,ATM,2
115.11,139.0,9808.97,28.0,Debit,Online,3
171.11,171.0,6324.09,57.0,Debit,ATM,2
168.54,142.0,13406.0,70.0,Debit,ATM,2
420.76,75.99999999999999,6581.55,51.0,Debit,Branch,1
408.46,28.0,3140.79,64.0,Debit,Branch,1
1162.42,45.0,10357.26,30.0,Credit,Online,3
342.17,247.0,461.83,21.0,Credit,Branch,1
580.71,95.0,5670.0,53.0,Debit,ATM,2
821.54,36.0,4040.3199999999997,79.0,Credit,Branch,1
253.47,238.0,220.51,20.0,Debit,Branch,1
22.81,75.0,3634.76,62.0,Debit,Online,3
266.57,96.0,7180.48,39.0,Credit,Online,3
374.61,37.0,1389.71,75.0,Credit,Online,3
339.35,70.0,5002.7,78.0,Credit,ATM,2
810.36,67.0,9239.12,20.0,Debit,ATM,2
9.83,86.0,666.42,24.0,Debit,ATM,2
135.57,116.00000000000001,11351.64,51.0,Credit,Branch,1
340.05,37.0,7234.15,43.0,Debit,ATM,2
283.45,127.0,2049.51,27.0,Debit,Branch,1
100.99,114.0,8865.27,68.0,Debit,ATM,2
90.88,176.0,3908.4700000000003,18.0,Debit,Branch,1
655.15,264.0,5587.44,26.0,Debit,ATM,2
320.55,118.0,438.75,50.0,Debit,Online,3
41.51,48.0,609.5999999999999,28.0,Debit,Online,3
71.53,39.0,2393.73,68.0,Credit,Branch,1
467.13,45.0,3914.84,54.0,Credit,Branch,1
235.4,70.0,818.3599999999999,28.0,Debit,Branch,1
159.32,100.00000000000001,304.44,18.0,Debit,Branch,1
50.83,48.0,9553.42,30.0,Credit,Online,3
56.89,56.0,3034.67,59.0,Credit,Branch,1
20.22,138.0,5515.32,43.0,Debit,ATM,2
50.4,84.00000000000001,1677.01,36.0,Debit,Branch,1
73.88,131.0,4055.55,53.0,Debit,Branch,1
119.61,53.00000000000001,9899.94,33.0,Debit,ATM,2
1241.05,129.0,756.74,18.0,Debit,Branch,1
116.58,247.0,2620.74,43.0,Debit,Branch,1
1919.1100000000001,161.0,11090.24,30.0,Debit,ATM,2
391.96,79.0,2174.16,64.0,Debit,ATM,2
156.26,160.0,7854.100000000001,46.0,Credit,Branch,1
427.0,163.0,8253.65,49.0,Credit,Branch,1
443.68,137.0,874.1499999999999,18.0,Debit,ATM,2
101.76,26.0,6043.25,31.0,Debit,Branch,1
67.57,107.0,2766.12,37.0,Debit,Branch,1
326.29,179.0,8171.259999999999,56.0,Debit,Online,3
158.56,100.00000000000001,5401.21,33.0,Debit,ATM,2
56.02,142.0,3548.02,27.0,Debit,Online,3
288.28,36.0,160.83,27.0,Debit,Online,3
245.67,107.0,752.2499999999999,24.0,Credit,Branch,1
152.18,176.0,2459.84,39.0,Credit,Online,3
114.35,21.000000000000004,469.12,41.0,Credit,Branch,1
373.27,79.0,8441.61,61.0,Credit,Online,3
504.63000000000005,168.00000000000003,3806.16,60.0,Debit,Online,3
126.22,77.0,6133.41,46.0,Debit,ATM,2
820.15,181.0,8802.97,47.0,Debit,Branch,1
986.8099999999998,127.0,14881.77,68.0,Credit,Online,3
8.37,135.0,1106.34,63.0,Debit,ATM,2
197.49,30.0,5005.33,53.0,Credit,Online,3
637.97,90.0,7949.03,58.0,Debit,Branch,1
13.52,65.0,259.77,26.0,Debit,ATM,2
432.1,240.0,2114.3,49.0,Debit,ATM,2
375.17,66.0,5495.3,51.0,Debit,ATM,2
642.68,94.0,8461.46,50.0,Debit,Branch,1
78.44,292.0,6870.84,52.0,Credit,Online,3
139.72,201.0,5058.83,49.0,Debit,Branch,1
499.99,296.0,8885.0,31.0,Debit,Branch,1
10.07,49.0,530.81,24.0,Debit,Online,3
120.61999999999999,85.0,9379.53,23.0,Debit,ATM,2
578.49,180.0,6475.13,59.0,Debit,Branch,1
119.3,22.0,319.04,34.0,Debit,Branch,1
280.92,168.00000000000003,5298.85,41.0,Debit,Online,3
42.42,102.0,490.57,21.0,Debit,Online,3
77.03,259.0,11310.27,67.0,Debit,ATM,2
22.59,45.0,3988.75,62.0,Debit,ATM,2
568.76,155.0,7484.319999999999,51.0,Debit,ATM,2
25.94,211.0,4815.11,58.0,Credit,Online,3
105.94,207.0,5963.1,51.0,Debit,Branch,1
733.29,94.0,10427.0,52.0,Debit,ATM,2
350.15,195.0,296.47,21.0,Credit,ATM,2
1151.18,105.0,1100.06,65.0,Debit,ATM,2
183.67,238.0,910.26,19.0,Debit,Online,3
278.27,123.0,6684.34,29.0,Debit,Branch,1
470.3,88.0,8524.09,40.0,Debit,ATM,2
261.69,84.00000000000001,5126.65,53.0,Debit,ATM,2
365.04,94.0,873.8899999999999,22.0,Debit,Branch,1
211.1,136.0,7059.77,57.0,Debit,Branch,1
21.49,240.0,11991.24,58.0,Debit,ATM,2
63.58,199.0,8086.040000000001,18.0,Debit,ATM,2
321.86,167.0,12626.49,63.0,Debit,ATM,2
12.11,127.0,1730.28,75.0,Debit,Branch,1
642.54,28.0,3143.17,44.0,Debit,Branch,1
210.45,146.0,1242.49,27.0,Debit,ATM,2
313.65,173.0,1886.36,55.0,Credit,Branch,1
99.76,131.0,416.89,26.0,Debit,Branch,1
115.32,113.0,5929.08,53.0,Debit,Branch,1
33.61,72.0,479.08,23.0,Debit,Online,3
498.59,32.0,5862.99,33.0,Credit,Online,3
98.81,91.0,797.1,27.0,Debit,Branch,1
1.8700000000000003,147.0,7287.94,65.0,Debit,ATM,2
78.92,95.0,5624.86,59.0,Credit,Online,3
194.29,10.0,2988.41,39.0,Credit,Branch,1
28.73,185.0,2712.96,53.0,Debit,ATM,2
105.53,88.0,1433.66,24.0,Debit,Online,3
737.34,34.0,7336.56,30.0,Debit,Online,3
237.86,210.0,475.62999999999994,18.0,Debit,ATM,2
409.61,89.0,11698.15,65.0,Debit,Branch,1
75.53,157.0,1034.35,21.0,Credit,Online,3
72.75,15.0,12042.79,64.0,Debit,ATM,2
39.11,143.0,518.54,26.0,Debit,Online,3
1309.79,139.0,1258.93,23.0,Debit,ATM,2
729.38,90.0,9127.65,68.0,Debit,ATM,2
137.49,50.00000000000001,4471.05,34.0,Debit,ATM,2
504.71,61.00000000000001,6214.54,29.0,Debit,Online,3
371.47,58.00000000000001,1187.04,24.0,Credit,Branch,1
430.35,205.0,354.9,36.0,Debit,Online,3
230.32,56.0,791.46,35.0,Debit,Branch,1
121.71,140.0,5878.89,52.0,Debit,ATM,2
98.87,179.0,533.2,20.0,Debit,Online,3
117.55,35.0,897.94,24.0,Debit,ATM,2
244.64,103.0,9159.56,30.0,Debit,Branch,1
321.93,12.0,4392.73,45.0,Debit,ATM,2
1092.73,11.0,1390.98,58.0,Debit,Branch,1
283.23,98.0,2008.7700000000002,40.0,Debit,Online,3
346.65,60.00000000000001,6356.96,30.0,Debit,Online,3
381.62,164.0,6009.12,64.0,Debit,Online,3
388.65,43.0,7896.850000000001,76.0,Debit,ATM,2
29.22,151.0,1649.43,24.0,Debit,ATM,2
46.75,150.0,2840.43,67.0,Debit,Branch,1
348.64,128.0,3274.96,57.0,Debit,Online,3
319.17,81.0,6501.56,73.0,Debit,Online,3
73.95,75.99999999999999,363.92,26.0,Debit,ATM,2
389.63,99.0,9748.48,27.0,Debit,Online,3
217.61,45.0,1404.53,19.0,Debit,ATM,2
199.84,150.0,706.44,21.0,Debit,ATM,2
56.35,75.0,5095.73,44.0,Debit,ATM,2
248.95000000000002,29.000000000000004,3059.79,65.0,Credit,Branch,1
142.58,145.0,7844.23,33.0,Debit,ATM,2
1020.7299999999999,87.0,1119.61,28.0,Debit,ATM,2
84.34,247.99999999999997,5313.97,58.0,Debit,Online,3
1607.55,156.0,6227.99,31.0,Debit,ATM,2
333.78,98.0,6810.94,60.0,Debit,ATM,2
332.59,143.0,1457.07,55.0,Debit,Online,3
236.81,15.0,813.68,22.0,Debit,Branch,1
417.8,130.0,1518.82,27.0,Credit,Branch,1
319.27,150.0,10269.78,50.0,Debit,ATM,2
384.1,172.0,672.7899999999998,42.0,Debit,Branch,1
820.62,158.0,6024.8,61.0,Credit,Branch,1
474.77,50.00000000000001,2158.59,56.0,Credit,Online,3
542.72,91.99999999999999,6011.8,43.0,Credit,Branch,1
79.8,75.99999999999999,6372.58,73.0,Debit,ATM,2
46.24,52.00000000000001,2569.56,57.0,Debit,Branch,1
327.8,53.99999999999999,10585.48,61.0,Debit,ATM,2
445.79,161.0,717.9899999999999,52.0,Debit,ATM,2
55.89,150.0,3689.65,72.0,Debit,Online,3
158.41,16.0,1512.16,28.0,Debit,Branch,1
101.19,75.0,14389.45,64.0,Credit,Online,3
827.14,265.0,9800.21,36.0,Debit,Branch,1
61.970000000000006,95.0,7014.69,74.0,Debit,ATM,2
27.21,102.0,3520.61,79.0,Debit,ATM,2
173.74,64.0,4913.42,80.0,Debit,Online,3
176.11,105.0,9155.35,38.0,Debit,Branch,1
88.4,174.0,2567.53,46.0,Debit,Online,3
567.92,14.0,3779.4699999999993,53.0,Debit,Online,3
138.11,104.0,4177.65,68.0,Credit,Online,3
456.93,193.0,7284.76,28.0,Credit,Branch,1
101.42,146.0,6530.59,66.0,Debit,Online,3
300.61,51.00000000000001,7895.540000000001,44.0,Debit,Online,3
265.94,132.0,6781.3,54.0,Debit,Online,3
345.54,50.00000000000001,2091.78,29.0,Debit,Online,3
411.52,88.0,11108.39,41.0,Debit,ATM,2
111.21,111.0,9088.36,35.0,Debit,Branch,1
316.37,86.0,4671.69,53.0,Debit,ATM,2
260.63,142.0,7534.7300000000005,37.0,Debit,Branch,1
92.36,144.0,6353.14,29.0,Debit,ATM,2
262.06,118.0,13587.52,63.0,Debit,Branch,1
64.5,230.0,1351.24,74.0,Debit,ATM,2
253.55,85.0,2797.26,28.0,Debit,ATM,2
408.28,125.0,1222.77,21.0,Credit,Branch,1
175.94,89.0,3728.0400000000004,57.0,Debit,ATM,2
199.47,142.0,6067.44,57.0,Debit,Online,3
51.07,133.0,4292.16,63.0,Debit,Branch,1
435.86,134.0,3801.8200000000006,56.0,Debit,ATM,2
74.73,162.0,6353.22,64.0,Credit,Branch,1
182.79,14.0,1251.85,23.0,Credit,Online,3
628.36,107.99999999999999,11869.71,44.0,Debit,Online,3
268.39,177.0,9409.43,29.0,Debit,Online,3
362.27,47.0,6003.59,80.0,Debit,ATM,2
560.15,91.99999999999999,817.83,50.0,Credit,Online,3
351.99,45.0,3663.64,80.0,Debit,ATM,2
132.36,160.0,319.65,28.0,Debit,Branch,1
24.77,17.0,478.23,40.0,Credit,Online,3
668.67,143.0,13446.81,44.0,Debit,Online,3
80.24,58.00000000000001,8012.810000000001,53.0,Credit,Branch,1
8.65,198.0,4201.22,68.0,Debit,ATM,2
178.91,18.999999999999996,8870.89,18.0,Debit,ATM,2
115.22,107.99999999999999,906.1999999999999,27.0,Debit,Branch,1
161.63,276.0,9286.37,46.0,Debit,Online,3
542.75,63.0,2224.08,70.0,Credit,Branch,1
317.47,16.0,14639.28,67.0,Credit,Online,3
280.99,29.000000000000004,9733.59,45.0,Debit,Branch,1
24.19,28.0,2756.2,29.0,Debit,ATM,2
586.85,86.0,6655.15,36.0,Debit,ATM,2
372.41,143.0,3233.87,55.0,Debit,ATM,2
63.17,148.0,1676.57,20.0,Debit,ATM,2
383.69,285.0,8371.11,54.0,Debit,Online,3
247.16999999999996,149.0,2611.64,65.0,Credit,Branch,1
48.78,136.0,552.06,18.0,Credit,Branch,1
4.15,119.0,6017.36,60.0,Credit,Branch,1
60.989999999999995,58.00000000000001,7281.46,34.0,Debit,Branch,1
408.19,241.0,6847.47,26.0,Debit,Branch,1
524.6,75.99999999999999,13017.7,58.0,Debit,Branch,1
108.96,247.0,7597.660000000001,26.0,Debit,ATM,2
70.03,49.0,7330.31,63.0,Debit,Branch,1
124.84,79.0,6711.78,52.0,Debit,Online,3
324.04,30.0,2248.06,54.0,Debit,ATM,2
39.69,163.0,3524.68,70.0,Debit,Online,3
157.7,45.99999999999999,8332.58,58.0,Credit,Branch,1
81.27,68.00000000000001,1814.48,22.0,Credit,Online,3
193.82,176.0,3886.7699999999995,37.0,Debit,Branch,1
16.73,165.0,7591.129999999999,79.0,Debit,Online,3
474.05,214.0,1484.31,57.0,Debit,ATM,2
39.21,245.0,9385.57,66.0,Debit,ATM,2
637.75,151.99999999999997,4202.92,79.0,Debit,Branch,1
153.59,174.0,4813.12,66.0,Credit,Branch,1
186.6,139.0,9716.68,18.0,Debit,Branch,1
644.08,55.0,1980.62,24.0,Debit,Online,3
226.66,168.00000000000003,10216.25,41.0,Debit,Branch,1
305.0,222.0,944.83,22.0,Debit,ATM,2
233.1,37.0,7469.2,42.0,Credit,Branch,1
793.13,75.99999999999999,13389.16,68.0,Debit,Online,3
224.19,93.0,8475.47,52.0,Debit,ATM,2
214.83,63.0,991.6899999999999,23.0,Credit,ATM,2
163.46,111.0,6953.8,63.0,Credit,Branch,1
194.99,91.0,1370.03,34.0,Debit,Branch,1
23.4,175.0,14851.28,46.0,Debit,ATM,2
227.5,277.0,11505.35,34.0,Debit,Online,3
259.9,100.00000000000001,914.2799999999999,26.0,Debit,Online,3
59.51,55.0,9955.88,36.0,Credit,Online,3
50.63,143.0,4732.81,64.0,Debit,Online,3
1074.95,91.0,530.86,20.0,Debit,Branch,1
112.94,30.999999999999996,3807.8399999999997,73.0,Credit,Online,3
11.81,131.0,320.25,21.0,Debit,ATM,2
329.14,14.0,12033.92,55.0,Debit,Branch,1
154.24,82.0,6109.55,61.0,Debit,ATM,2
233.44,297.0,1691.88,20.0,Debit,Online,3
141.8,116.00000000000001,1697.67,18.0,Debit,ATM,2
209.03,126.0,8359.5,55.0,Debit,Branch,1
1137.63,144.0,1629.12,26.0,Debit,ATM,2
261.14,162.0,6100.08,42.0,Debit,ATM,2
101.81,105.0,13872.03,45.0,Debit,ATM,2
98.71,117.0,10095.23,32.0,Debit,ATM,2
87.38,252.0,1504.99,21.0,Debit,Branch,1
83.39,158.0,13182.11,32.0,Debit,Branch,1
267.55,40.0,4330.04,46.0,Debit,Online,3
870.05,39.0,905.2499999999999,29.0,Debit,ATM,2
154.32,269.0,6972.5,38.0,Credit,ATM,2
164.51,110.0,3553.69,78.0,Debit,Branch,1
758.12,90.0,6164.65,69.0,Debit,ATM,2
103.76,188.0,9626.14,28.0,Debit,Online,3
583.92,139.0,6364.14,55.0,Debit,Online,3
204.06,159.0,4351.83,77.0,Debit,Online,3
53.51,165.0,5773.5,56.0,Debit,Online,3
1108.46,262.0,9257.04,30.0,Debit,Branch,1
52.95,14.0,6335.58,68.0,Credit,Online,3
120.17,105.0,5403.79,49.0,Debit,ATM,2
220.8,28.0,8135.31,31.0,Debit,Online,3
119.01,87.0,9798.26,45.0,Debit,ATM,2
183.32,74.0,137.42,21.0,Debit,ATM,2
858.88,227.0,7015.46,60.0,Debit,Online,3
11.46,128.0,2356.71,41.0,Credit,Online,3
61.37,164.0,4294.44,75.0,Debit,Branch,1
103.08,150.0,9251.38,49.0,Credit,Branch,1
1.2100000000000002,196.0,7542.739999999999,55.0,Debit,Branch,1
425.18,172.0,9880.71,26.0,Credit,Online,3
60.96,238.0,6189.24,52.0,Debit,ATM,2
64.21,37.0,12540.18,51.0,Debit,ATM,2
523.02,83.0,4586.11,53.0,Debit,Online,3
50.26,164.0,1519.38,65.0,Debit,Branch,1
110.08,95.0,1447.26,19.0,Debit,Branch,1
54.47,34.0,1131.42,23.0,Credit,Branch,1
79.76,115.0,10278.75,68.0,Debit,Online,3
16.79,146.0,535.15,30.0,Credit,Online,3
1531.31,61.99999999999999,859.8599999999999,18.0,Debit,Online,3
68.62,157.0,13891.47,29.0,Debit,Branch,1
157.16,280.0,1545.77,20.0,Debit,Branch,1
643.38,105.0,1046.74,18.0,Credit,Online,3
328.34,30.999999999999996,2840.45,42.0,Credit,Online,3
72.68,44.0,6216.77,69.0,Debit,Online,3
354.76,279.0,10141.92,51.0,Debit,Branch,1
793.88,252.0,1404.06,22.0,Credit,ATM,2
29.22,69.00000000000001,7795.79,27.0,Debit,ATM,2
653.97,100.00000000000001,3886.65,37.0,Debit,Online,3
366.43,91.99999999999999,1560.45,21.0,Credit,Online,3
120.86,162.0,13566.58,33.0,Debit,Online,3
233.74,142.0,4749.54,72.0,Debit,Online,3
471.84,138.0,1044.33,18.0,Debit,ATM,2
213.4,100.00000000000001,2012.24,73.0,Credit,Branch,1
254.20999999999998,45.99999999999999,2487.2,48.0,Debit,ATM,2
577.73,63.0,14977.99,37.0,Debit,ATM,2
170.26,265.0,1969.48,27.0,Debit,ATM,2
337.73,107.0,7001.2,78.0,Debit,Online,3
330.61,113.0,2525.25,64.0,Credit,Branch,1
132.33,47.0,7457.94,35.0,Credit,ATM,2
672.74,118.0,5386.52,46.0,Credit,Branch,1
74.04,66.0,1690.23,18.0,Debit,Online,3
197.18,135.0,3114.92,28.0,Debit,Online,3
21.15,180.0,3466.74,70.0,Debit,Branch,1
218.37,105.0,9942.24,62.0,Debit,ATM,2
590.01,140.0,9791.74,29.0,Debit,Online,3
697.82,153.0,6824.0,44.0,Debit,Online,3
302.76,88.0,8583.39,38.0,Debit,ATM,2
148.0,35.0,1488.65,20.0,Debit,Branch,1
22.26,56.0,5583.88,19.0,Debit,Branch,1
0.86,139.0,1357.22,25.0,Debit,ATM,2
757.1,203.0,10553.23,65.0,Debit,Branch,1
38.81,145.0,1619.6,25.0,Credit,Online,3
76.51,120.0,9475.4,49.0,Credit,Online,3
32.46,10.0,8656.18,31.0,Debit,Online,3
1022.7499999999999,158.0,207.74,62.0,Credit,Branch,1
20.64,59.00000000000001,949.38,22.0,Debit,Branch,1
662.11,219.0,1996.38,23.0,Debit,Branch,1
288.77,110.0,8836.51,55.0,Debit,ATM,2
35.05,105.0,14330.47,30.0,Debit,Branch,1
214.73,26.0,5368.42,46.0,Credit,ATM,2
25.38,66.0,8616.05,57.0,Debit,Branch,1
617.66,40.0,5906.58,41.0,Debit,ATM,2
446.39,77.0,7863.6,63.0,Debit,ATM,2
377.92,204.0,2254.71,33.0,Debit,Branch,1
11.04,43.0,6983.04,30.0,Debit,Online,3
275.46,67.0,9697.75,36.0,Debit,ATM,2
179.76,81.0,5909.52,78.0,Debit,Online,3
32.34,45.0,7847.619999999999,44.0,Debit,Branch,1
273.92,109.0,4543.56,79.0,Debit,Branch,1
375.45,32.0,1307.23,19.0,Debit,Branch,1
388.98,155.0,1819.91,23.0,Debit,ATM,2
492.84,37.99999999999999,577.67,25.0,Debit,ATM,2
148.85,25.000000000000004,7802.360000000001,57.0,Debit,ATM,2
119.95,47.0,2596.61,62.0,Credit,Branch,1
391.66,103.0,2406.31,50.0,Debit,Branch,1
185.99,53.00000000000001,402.45,41.0,Credit,Branch,1
322.48,57.0,1238.43,27.0,Debit,ATM,2
20.27,22.0,796.3499999999999,18.0,Debit,Branch,1
280.61,129.0,7888.76,47.0,Debit,ATM,2
199.02,269.0,4658.89,61.0,Debit,ATM,2
104.23,107.99999999999999,5009.29,63.0,Credit,Online,3
353.59,109.0,1822.34,52.0,Credit,Branch,1
55.86,68.00000000000001,5346.46,39.0,Debit,Online,3
10.77,178.0,10704.95,31.0,Debit,ATM,2
95.55,51.00000000000001,2434.74,33.0,Debit,Branch,1
477.07,278.0,6568.07,27.0,Debit,Online,3
9.1,63.0,2791.45,52.0,Credit,Online,3
21.41,99.0,658.91,57.0,Debit,Online,3
278.28,26.0,1346.88,28.0,Debit,Branch,1
388.1,40.0,3022.12,73.0,Credit,Online,3
215.39,215.99999999999997,1582.55,27.0,Debit,ATM,2
194.37,161.0,14395.88,66.0,Debit,ATM,2
37.7,109.0,1741.1,20.0,Debit,ATM,2
19.59,122.0,1061.69,64.0,Debit,Branch,1
81.35,103.0,7192.45,41.0,Debit,Online,3
314.54,228.0,9923.45,58.0,Credit,Branch,1
466.64,11.0,10915.11,58.0,Debit,ATM,2
397.01,100.00000000000001,719.52,22.0,Debit,ATM,2
472.48,87.0,7128.82,55.0,Debit,Branch,1
67.15,14.0,9028.49,59.0,Debit,Online,3
102.67,119.0,4656.94,79.0,Debit,Branch,1
460.09,146.0,6990.64,35.0,Credit,Online,3
453.49,147.0,6366.43,66.0,Debit,Branch,1
267.17,170.0,1382.62,26.0,Debit,ATM,2
111.26,43.0,14350.11,66.0,Debit,ATM,2
121.17000000000002,158.0,12990.77,68.0,Debit,ATM,2
213.28,94.0,4835.91,51.0,Debit,Branch,1
187.88,180.0,2154.58,60.0,Debit,ATM,2
471.88,141.0,14833.34,34.0,Credit,Online,3
83.79,47.0,5061.3,57.0,Debit,ATM,2
212.14,105.0,7225.06,72.0,Debit,Branch,1
99.16,202.0,2607.58,79.0,Debit,Online,3
839.33,86.0,11538.97,60.0,Credit,Branch,1
29.91,43.0,2834.84,76.0,Credit,Online,3
4.24,37.99999999999999,7822.729999999999,38.0,Debit,Online,3
50.29,64.0,7604.9,58.0,Credit,Online,3
135.85,269.0,1480.39,57.0,Debit,Online,3
368.53,34.0,13696.31,68.0,Debit,Branch,1
17.95,135.0,12344.9,64.0,Credit,Branch,1
127.8,47.0,8630.99,31.0,Credit,Branch,1
16.73,48.0,2202.62,45.0,Debit,Online,3
317.12,80.0,14409.74,44.0,Debit,Branch,1
476.63,115.0,4894.25,79.0,Debit,ATM,2
156.58,160.0,8981.61,24.0,Debit,Branch,1
55.12,261.0,3791.99,34.0,Credit,Online,3
15.74,37.99999999999999,690.16,27.0,Debit,Branch,1
353.68,145.0,6777.12,70.0,Debit,Online,3
297.15,178.0,5449.37,76.0,Debit,Online,3
647.85,121.0,13779.97,36.0,Debit,Branch,1
75.04,178.0,9648.6,49.0,Debit,ATM,2
273.92,35.0,1029.15,28.0,Debit,Online,3
215.8,66.0,3656.62,51.0,Credit,Branch,1
963.77,247.99999999999997,6710.51,41.0,Debit,ATM,2
420.6,55.0,1778.75,26.0,Debit,Branch,1
688.36,22.0,5191.13,23.0,Credit,Branch,1
285.18,150.0,14847.97,55.0,Credit,Branch,1
213.55,15.0,5238.37,63.0,Debit,ATM,2
463.11,159.0,10238.82,51.0,Credit,Branch,1
150.03,176.0,7491.42,73.0,Debit,ATM,2
428.61,131.0,2116.36,51.0,Debit,Branch,1
309.56,147.0,972.04,58.0,Debit,Online,3
377.08,71.0,6430.86,26.0,Credit,Branch,1
77.25,157.0,14077.97,68.0,Debit,Branch,1
146.92,272.0,3990.6,64.0,Debit,ATM,2
126.6,146.0,961.6499999999999,22.0,Debit,Branch,1
101.34,45.99999999999999,703.2599999999999,24.0,Debit,ATM,2
184.97,268.0,1156.67,58.0,Debit,Branch,1
451.15,175.0,1356.47,46.0,Debit,ATM,2
516.47,94.0,1305.06,25.0,Credit,ATM,2
880.04,29.000000000000004,261.97,25.0,Debit,ATM,2
353.69,163.0,9500.79,59.0,Debit,Online,3
66.69,140.0,1210.33,25.0,Credit,Branch,1
95.75,169.0,337.62,31.0,Debit,Branch,1
43.91,86.0,1806.68,27.0,Debit,Online,3
98.03,165.0,6323.45,54.0,Debit,Branch,1
617.66,128.0,7155.95,42.0,Debit,ATM,2
888.57,102.0,7896.14,62.0,Debit,Online,3
107.48,129.0,591.2299999999999,22.0,Debit,Branch,1
36.57,69.00000000000001,2583.07,62.0,Debit,ATM,2
575.62,129.0,234.40999999999997,43.0,Debit,Online,3
84.89,70.0,4735.61,37.0,Debit,ATM,2
832.3,86.0,6617.52,69.0,Credit,Branch,1
180.65,37.99999999999999,816.0099999999999,22.0,Debit,Branch,1
7.759999999999999,84.00000000000001,7393.11,52.0,Credit,Online,3
109.3,26.999999999999996,13510.11,56.0,Debit,Branch,1
230.08,123.99999999999999,4466.1,79.0,Debit,Online,3
361.92,111.0,7474.31,54.0,Debit,ATM,2
71.29,55.0,7225.63,68.0,Debit,ATM,2
122.44999999999999,98.0,7255.49,46.0,Debit,Branch,1
642.53,128.0,11417.91,65.0,Debit,ATM,2
62.86000000000001,30.999999999999996,1040.43,25.0,Debit,Branch,1
175.21,69.00000000000001,6039.04,69.0,Credit,ATM,2
168.0,11.0,3498.58,32.0,Credit,Branch,1
11.46,73.0,6628.75,67.0,Debit,Online,3
382.07,147.0,10156.09,62.0,Credit,Branch,1
13.48,20.0,521.88,18.0,Debit,Online,3
65.32,53.99999999999999,9165.02,28.0,Debit,ATM,2
83.07,291.0,6704.76,27.0,Debit,Branch,1
730.1,93.0,6384.05,77.0,Credit,Branch,1
85.31,26.999999999999996,6095.65,62.0,Debit,ATM,2
726.61,277.0,1008.76,18.0,Debit,ATM,2
130.4,63.0,4381.24,45.0,Debit,Branch,1
68.1,47.0,1382.8,20.0,Debit,ATM,2
65.26,72.0,7380.63,26.0,Debit,Branch,1
191.62,51.00000000000001,1981.6700000000003,63.0,Debit,Branch,1
212.88,122.0,7036.72,39.0,Debit,Online,3
88.38,138.0,3707.82,30.0,Debit,ATM,2
48.77,51.00000000000001,2040.1600000000003,42.0,Credit,Online,3
289.1,206.0,267.53,27.0,Debit,ATM,2
390.09,49.0,2617.23,26.0,Debit,Online,3
48.29,242.0,8883.4,37.0,Debit,Online,3
333.83,135.0,1660.66,63.0,Debit,ATM,2
1074.29,79.0,2011.6,67.0,Debit,Branch,1
100.27,51.00000000000001,4309.9,79.0,Debit,Online,3
44.54,164.0,362.4,31.0,Debit,ATM,2
1156.18,40.0,836.69,52.0,Credit,Online,3
82.17,21.000000000000004,1913.06,28.0,Debit,Branch,1
1045.45,150.0,563.46,19.0,Debit,Online,3
447.42,65.0,6133.22,32.0,Debit,Online,3
590.26,48.0,1068.28,25.0,Credit,Branch,1
192.73,157.0,2037.7499999999998,71.0,Debit,Branch,1
146.01,269.0,221.79,26.0,Debit,Online,3
136.05,63.0,1127.54,24.0,Debit,Online,3
11.57,64.0,2061.61,56.0,Credit,Branch,1
102.34,78.0,9326.28,51.0,Debit,Online,3
7.820000000000001,273.0,2240.49,36.0,Debit,ATM,2
79.43,72.0,6579.37,74.0,Debit,ATM,2
386.97,137.0,1876.35,58.0,Debit,Branch,1
51.22,82.0,1664.59,23.0,Debit,Branch,1
256.05,35.0,6910.18,54.0,Debit,ATM,2
7.79,298.0,1319.85,34.0,Debit,Branch,1
233.71,11.0,6095.5,63.0,Debit,Branch,1
176.37,126.0,2420.86,55.0,Debit,Branch,1
122.62999999999998,153.0,359.06,21.0,Debit,Branch,1
86.41,125.0,3128.71,75.0,Debit,ATM,2
21.57,71.0,7587.48,54.0,Debit,ATM,2
82.67,45.99999999999999,290.59,26.0,Debit,Branch,1
451.35,223.0,7707.959999999999,47.0,Credit,Branch,1
299.42,53.00000000000001,4735.41,63.0,Credit,Branch,1
543.47,122.0,6165.03,18.0,Debit,ATM,2
346.76,116.00000000000001,1637.75,21.0,Credit,Branch,1
47.48,66.0,585.5199999999999,24.0,Debit,Branch,1
64.92,236.0,5481.76,58.0,Debit,Branch,1
350.72,48.0,1982.8999999999999,28.0,Credit,ATM,2
3.8000000000000003,174.0,5766.96,65.0,Debit,Online,3
22.54,42.00000000000001,7139.11,26.0,Debit,Online,3
767.14,37.99999999999999,4732.57,62.0,Credit,Branch,1
167.47,103.0,2293.13,35.0,Debit,ATM,2
43.65,212.0,2870.67,30.0,Credit,Branch,1
391.08,105.0,6885.16,56.0,Debit,Online,3
390.77,34.0,5500.56,44.0,Debit,Online,3
508.15999999999997,131.0,5609.44,39.0,Debit,ATM,2
36.76,107.99999999999999,1228.93,65.0,Credit,Online,3
332.33,101.0,192.63,27.0,Debit,ATM,2
362.09,30.999999999999996,6590.28,32.0,Debit,Branch,1
42.58,80.0,13485.0,30.0,Debit,Online,3
122.35,188.0,6472.5,53.0,Credit,Branch,1
248.65999999999997,113.0,2571.39,28.0,Debit,Online,3
461.25,171.0,676.0999999999999,54.0,Credit,Online,3
61.77000000000001,49.0,12352.2,56.0,Debit,Branch,1
268.92,148.0,8765.38,29.0,Debit,Branch,1
303.97,77.0,1590.88,24.0,Debit,Online,3
219.02,68.00000000000001,7375.73,54.0,Credit,Online,3
125.14,30.999999999999996,1845.18,20.0,Debit,Branch,1
47.6,115.0,1382.51,53.0,Debit,Online,3
592.82,247.99999999999997,7508.98,74.0,Debit,Online,3
372.5,211.0,3901.82,22.0,Debit,ATM,2
4.72,20.0,4792.01,32.0,Debit,Branch,1
144.93,74.0,6887.52,42.0,Debit,Branch,1
316.56,261.0,8643.51,28.0,Debit,Online,3
9.18,140.0,887.3199999999999,22.0,Debit,Online,3
421.25,66.0,7174.69,25.0,Debit,Online,3
185.71,194.0,2679.91,48.0,Debit,Branch,1
1432.02,138.0,4315.07,60.0,Debit,Branch,1
26.27,177.0,8853.93,45.0,Credit,Online,3
297.03,151.0,1088.62,61.0,Debit,Online,3
341.67,96.0,1442.29,53.0,Debit,Branch,1
99.52,127.0,3798.0900000000006,52.0,Debit,ATM,2
881.1,16.0,9951.68,28.0,Debit,Branch,1
139.69,180.0,9567.94,52.0,Debit,Online,3
42.72,143.0,2669.66,37.0,Debit,ATM,2
112.72,17.0,9630.0,31.0,Debit,Branch,1
568.88,105.0,1307.86,19.0,Debit,Branch,1
189.03,50.00000000000001,1916.46,28.0,Debit,ATM,2
199.8,163.0,167.28,20.0,Debit,ATM,2
189.08,238.0,10790.8,68.0,Debit,Branch,1
958.9,135.0,9977.49,31.0,Debit,Branch,1
409.59,50.00000000000001,14563.02,35.0,Debit,Online,3
349.34,245.0,614.1399999999999,28.0,Credit,ATM,2
283.15,180.0,603.79,24.0,Debit,Online,3
151.82,105.0,2197.12,51.0,Debit,ATM,2
438.59,103.0,8994.39,37.0,Debit,Online,3
590.57,93.0,3224.6,79.0,Debit,ATM,2
63.74,30.999999999999996,4336.4,63.0,Debit,Online,3
77.02,132.0,800.8299999999999,59.0,Credit,Online,3
501.15,208.0,8821.84,47.0,Debit,Branch,1
917.81,75.0,3173.17,64.0,Debit,ATM,2
8.95,102.0,3299.84,76.0,Debit,Online,3
173.6,160.0,421.44,21.0,Debit,Online,3
149.4,123.0,1035.22,53.0,Debit,ATM,2
388.21,237.0,9724.49,53.0,Credit,Branch,1
484.3,230.0,7910.300000000001,61.0,Credit,Online,3
126.04,167.0,6041.69,65.0,Credit,Branch,1
52.04,30.999999999999996,8436.12,50.0,Credit,Branch,1
389.7,215.99999999999997,7125.15,62.0,Credit,Branch,1
161.1,104.0,239.11999999999998,19.0,Credit,ATM,2
309.77,137.0,4378.14,67.0,Credit,Online,3
838.57,273.0,14576.47,41.0,Debit,ATM,2
202.55,34.0,701.7299999999999,21.0,Debit,ATM,2
724.18,134.0,10922.78,41.0,Debit,Branch,1
124.98,78.0,641.9999999999999,24.0,Debit,ATM,2
487.32,164.0,7707.959999999999,52.0,Debit,Branch,1
635.91,78.0,13267.09,46.0,Credit,Branch,1
205.65,144.0,3582.16,62.0,Debit,Branch,1
39.41,132.0,921.91,25.0,Debit,Branch,1
254.00000000000003,63.0,5788.53,35.0,Debit,Branch,1
436.8,213.0,4515.43,36.0,Debit,Branch,1
224.73,63.0,7551.890000000001,76.0,Debit,Branch,1
752.69,115.0,14489.69,65.0,Credit,ATM,2
78.5,41.0,13991.5,31.0,Credit,Branch,1
50.0,87.0,185.87,53.0,Credit,ATM,2
132.42,164.0,726.3899999999999,18.0,Debit,ATM,2
11.67,105.0,7458.629999999999,76.0,Debit,Branch,1
83.16,177.0,3065.87,61.0,Debit,ATM,2
149.02,176.0,9379.72,46.0,Credit,Branch,1
74.27,148.0,13696.61,59.0,Credit,Online,3
876.57,118.0,3743.6300000000006,62.0,Credit,ATM,2
615.58,133.0,14343.0,42.0,Debit,ATM,2
643.03,52.00000000000001,2882.16,36.0,Credit,Online,3
7.950000000000001,65.0,5631.2,79.0,Debit,ATM,2
270.92,143.0,4574.43,77.0,Credit,Branch,1
499.47999999999996,133.0,1242.62,24.0,Debit,ATM,2
841.5,287.0,352.31,25.0,Credit,Branch,1
138.82,53.00000000000001,3100.22,77.0,Debit,Online,3
231.46,83.0,4707.24,60.0,Credit,Branch,1
292.08,32.0,7950.48,72.0,Debit,ATM,2
63.98,258.0,7954.12,54.0,Debit,Online,3
235.21,74.0,5946.61,67.0,Debit,Branch,1
201.73,78.0,6650.71,57.0,Debit,Online,3
161.31,13.0,1268.67,28.0,Debit,ATM,2
18.41,168.00000000000003,8287.54,53.0,Debit,Branch,1
471.75,41.0,12948.5,34.0,Credit,Branch,1
290.02,246.0,4746.71,55.0,Debit,Branch,1
48.05,37.99999999999999,5334.97,27.0,Debit,Branch,1
359.42,30.0,1765.45,55.0,Debit,Branch,1
32.91,255.0,427.3,19.0,Debit,Online,3
3.8000000000000003,140.0,6285.39,67.0,Debit,Branch,1
31.81,149.0,1406.6,51.0,Debit,Online,3
220.2,102.0,1075.15,28.0,Debit,Online,3
476.03,99.0,5958.34,77.0,Credit,Branch,1
141.91,49.0,791.9699999999999,23.0,Debit,Branch,1
95.83,91.0,1726.4,27.0,Debit,Online,3
51.15,199.0,8992.25,46.0,Credit,Branch,1
1192.2,103.0,7816.410000000001,60.0,Credit,Branch,1
50.75,185.0,8271.47,62.0,Debit,ATM,2
185.07,159.0,636.42,22.0,Debit,Branch,1
293.54,45.0,2290.1,40.0,Debit,Online,3
23.38,89.0,9968.49,32.0,Debit,Branch,1
285.26,93.0,167.72,28.0,Debit,ATM,2
129.48,179.0,7581.7,31.0,Debit,ATM,2
743.03,174.0,4111.38,50.0,Debit,ATM,2
297.86,96.0,1680.14,28.0,Credit,ATM,2
231.92,12.0,5715.08,66.0,Debit,ATM,2
295.82,45.99999999999999,5897.73,47.0,Credit,Branch,1
302.86,275.0,5239.24,55.0,Debit,Online,3
81.08,56.0,7788.910000000001,58.0,Debit,ATM,2
775.6,158.0,3898.6400000000003,79.0,Credit,Branch,1
178.43,136.0,1214.93,26.0,Debit,Branch,1
211.91,181.0,927.4699999999999,20.0,Debit,Online,3
17.21,219.0,914.16,23.0,Debit,Online,3
124.22,172.0,9695.04,23.0,Debit,ATM,2
38.37,135.0,8647.04,63.0,Debit,ATM,2
269.79,17.0,1292.1,52.0,Debit,ATM,2
605.42,33.0,392.34,21.0,Debit,ATM,2
11.19,40.0,9877.17,60.0,Debit,ATM,2
29.19,41.0,12059.85,58.0,Credit,Branch,1
701.7,64.0,6643.24,61.0,Credit,Online,3
862.34,72.0,9903.48,57.0,Debit,Branch,1
410.97,45.0,151.42,22.0,Debit,ATM,2
36.97,79.0,2850.92,41.0,Debit,Branch,1
137.59,95.0,10679.67,30.0,Debit,ATM,2
168.11,12.0,10652.13,51.0,Credit,Online,3
430.98,93.0,569.25,24.0,Debit,Branch,1
13.87,20.0,954.83,24.0,Debit,Branch,1
642.68,66.0,1831.2,76.0,Debit,ATM,2
175.07,169.0,9274.64,28.0,Debit,Online,3
302.82,175.0,9384.54,36.0,Debit,ATM,2
1647.74,52.00000000000001,1483.84,67.0,Debit,ATM,2
406.81,84.00000000000001,1968.3600000000001,66.0,Debit,Online,3
256.3,172.0,4203.05,53.0,Debit,Online,3
80.96,97.0,959.9399999999999,19.0,Credit,Online,3
95.78,26.999999999999996,271.64,22.0,Debit,Online,3
379.54,118.0,12571.76,41.0,Credit,Branch,1
903.19,65.0,8627.08,22.0,Debit,Online,3
142.19,26.999999999999996,524.46,18.0,Debit,Branch,1
847.45,175.0,422.32,28.0,Debit,Branch,1
295.18,30.999999999999996,12961.53,66.0,Credit,Branch,1
18.46,213.0,6381.6,68.0,Debit,Branch,1
603.23,48.0,117.98000000000002,28.0,Debit,Branch,1
54.5,147.0,1715.22,57.0,Credit,Branch,1
414.77,274.0,5599.81,29.0,Debit,Online,3
886.19,69.00000000000001,7904.240000000001,61.0,Debit,Branch,1
440.03,88.0,1490.44,49.0,Debit,Online,3
35.46,285.0,1532.72,56.0,Debit,ATM,2
76.39,219.0,5976.0,18.0,Debit,Branch,1
595.91,162.0,1673.76,19.0,Credit,ATM,2
6.03,70.0,3290.72,76.0,Debit,Branch,1
249.34,197.0,3030.97,26.0,Debit,ATM,2
421.52,67.0,369.86,20.0,Debit,Branch,1
189.77,24.0,6570.36,58.0,Debit,Branch,1
73.19,213.0,2264.98,76.0,Debit,Branch,1
188.13,198.0,5029.87,75.0,Credit,Online,3
30.52,122.0,12327.74,62.0,Debit,Branch,1
1235.69,118.0,420.25,20.0,Credit,Branch,1
1159.39,150.0,6499.53,41.0,Debit,Online,3
170.24,133.0,5172.99,62.0,Debit,Branch,1
56.62,121.0,8981.1,54.0,Debit,Branch,1
53.14,70.0,7914.999999999999,34.0,Debit,ATM,2
587.23,144.0,500.84,27.0,Debit,Online,3
146.15,75.0,13784.4,43.0,Debit,Branch,1
21.27,114.0,7392.79,62.0,Credit,Online,3
1397.59,144.0,1134.79,26.0,Credit,ATM,2
76.02,189.0,14765.41,34.0,Credit,Online,3
170.19,156.0,745.87,27.0,Credit,Branch,1
155.51,15.0,5360.19,68.0,Debit,ATM,2
135.15,50.00000000000001,5878.14,72.0,Debit,Online,3
39.48,37.99999999999999,5889.51,56.0,Debit,ATM,2
451.68,15.0,4381.54,33.0,Debit,Online,3
19.11,160.0,8478.46,49.0,Credit,Online,3
355.0,33.0,185.47,26.0,Credit,Online,3
427.69,236.0,2443.54,43.0,Debit,ATM,2
254.86,102.0,699.8999999999999,23.0,Debit,Branch,1
19.48,114.0,4739.59,27.0,Debit,ATM,2
190.17,265.0,12893.85,49.0,Debit,ATM,2
91.38,179.0,2402.58,65.0,Debit,ATM,2
206.63,128.0,7626.53,59.0,Credit,Online,3
93.22,52.00000000000001,1014.6300000000001,52.0,Debit,Online,3
547.98,171.0,1358.54,28.0,Debit,ATM,2
641.06,25.000000000000004,1602.13,23.0,Debit,ATM,2
314.55,18.999999999999996,1105.89,27.0,Credit,Branch,1
836.45,63.0,1731.89,61.0,Debit,Online,3
1095.09,52.00000000000001,8692.47,29.0,Debit,ATM,2
189.45,61.99999999999999,12578.75,53.0,Credit,Branch,1
91.84,80.0,1712.41,67.0,Credit,Branch,1
609.52,169.0,3485.03,78.0,Debit,ATM,2
859.3,68.00000000000001,1146.78,78.0,Credit,Branch,1
100.01,63.0,6393.12,50.0,Debit,ATM,2
28.78,51.00000000000001,680.5499999999998,40.0,Credit,Online,3
111.08,83.0,7037.34,70.0,Debit,Online,3
470.96,123.99999999999999,12991.03,69.0,Credit,Online,3
52.23,96.0,105.01,28.0,Credit,Branch,1
78.62,52.00000000000001,1360.85,32.0,Debit,Branch,1
47.79,37.0,1649.92,25.0,Debit,Branch,1
333.97,45.0,5237.36,52.0,Debit,Branch,1
30.87,295.0,14348.65,33.0,Debit,ATM,2
710.43,115.0,5625.55,67.0,Debit,Online,3
220.23,48.0,3438.02,41.0,Debit,ATM,2
27.28,96.0,10668.24,29.0,Debit,ATM,2
101.52,98.0,2018.9000000000003,49.0,Debit,ATM,2
162.65,147.0,9500.95,59.0,Debit,ATM,2
10.52,30.0,2472.99,55.0,Debit,ATM,2
270.72,37.0,6522.47,38.0,Debit,Branch,1
202.34,134.0,1223.45,20.0,Debit,Online,3
247.58,151.99999999999997,778.74,39.0,Debit,ATM,2
686.17,96.0,2246.15,61.0,Debit,ATM,2
359.65,289.0,219.53,25.0,Credit,Online,3
109.91,90.0,12896.06,38.0,Debit,Branch,1
215.72,137.0,8697.11,30.0,Credit,Branch,1
490.76,156.0,6414.11,66.0,Debit,Online,3
224.28,68.00000000000001,5767.51,64.0,Debit,Online,3
614.03,51.00000000000001,2815.86,68.0,Debit,ATM,2
608.79,157.0,2991.17,55.0,Debit,Online,3
186.55,288.0,224.65,48.0,Debit,Branch,1
840.16,68.00000000000001,1236.76,20.0,Credit,Branch,1
203.34,66.0,13586.99,60.0,Debit,ATM,2
90.88,284.0,7117.35,26.0,Debit,ATM,2
60.11,122.0,7235.87,61.0,Credit,Branch,1
393.92,47.0,7318.64,72.0,Debit,Branch,1
19.39,45.0,9847.6,43.0,Debit,ATM,2
557.41,49.0,2968.75,80.0,Credit,Online,3
57.07,99.0,9323.71,31.0,Credit,Online,3
395.27,167.0,1764.08,18.0,Credit,Online,3
289.05,116.00000000000001,5683.49,75.0,Debit,ATM,2
46.11,233.0,5225.73,33.0,Debit,Online,3
335.5,47.0,6445.4,63.0,Debit,ATM,2
388.07,68.00000000000001,289.71,24.0,Debit,Online,3
520.86,66.0,9200.74,51.0,Credit,Online,3
787.41,39.0,300.87,25.0,Debit,Online,3
31.699999999999996,121.0,743.8999999999999,48.0,Credit,ATM,2
22.3,90.0,1200.35,21.0,Debit,ATM,2
203.12,181.0,1562.39,56.0,Debit,ATM,2
315.94,172.0,7719.709999999999,49.0,Credit,Branch,1
192.23,39.0,2610.67,54.0,Debit,Online,3
1510.71,51.00000000000001,2060.02,66.0,Debit,Online,3
0.26,173.0,1833.67,20.0,Debit,Online,3
210.77,161.0,5396.65,71.0,Debit,ATM,2
406.65,107.0,12995.7,57.0,Debit,ATM,2
422.9,111.0,7616.43,40.0,Debit,ATM,2
20.62,225.0,12500.8,35.0,Credit,ATM,2
174.39,36.0,1127.08,19.0,Debit,ATM,2
7.859999999999999,91.0,3621.98,76.0,Credit,Branch,1
61.98,44.0,5212.28,49.0,Debit,Online,3
54.85,40.0,2727.45,58.0,Credit,Branch,1
204.7,95.0,5117.03,49.0,Debit,Branch,1
16.55,159.0,6089.79,26.0,Debit,Branch,1
91.32,77.0,2618.1,58.0,Debit,Branch,1
195.49,212.0,11988.12,31.0,Debit,ATM,2
49.62,111.0,3841.4199999999996,55.0,Debit,ATM,2
487.16,84.00000000000001,321.21,28.0,Credit,Branch,1
405.6,44.0,9754.73,37.0,Debit,Online,3
512.95,143.0,9584.52,57.0,Debit,Branch,1
345.94,163.0,7624.56,31.0,Debit,ATM,2
356.56,52.00000000000001,2485.73,47.0,Debit,Online,3
10.31,280.0,2137.9,36.0,Debit,Online,3
211.69,111.0,6412.85,30.0,Debit,Branch,1
221.49,196.0,707.25,23.0,Credit,Branch,1
278.23,83.0,8300.54,48.0,Debit,Online,3
116.88,263.0,7717.339999999999,45.0,Debit,ATM,2
328.77,247.0,6967.03,39.0,Credit,Online,3
77.53,55.0,5158.6,54.0,Debit,Branch,1
421.74,103.0,12031.14,67.0,Debit,Online,3
313.69,151.99999999999997,7093.68,73.0,Debit,Branch,1
411.72,153.0,8539.86,29.0,Debit,Branch,1
508.73,89.0,7640.57,59.0,Debit,Branch,1
153.08,201.0,1292.21,24.0,Debit,ATM,2
23.01,166.0,5958.75,63.0,Debit,Branch,1
69.28,129.0,708.7399999999999,25.0,Debit,Online,3
51.25,66.0,1744.4,28.0,Credit,Branch,1
407.65,263.0,273.78,25.0,Debit,ATM,2
459.25,59.00000000000001,130.76,25.0,Debit,Branch,1
301.56,118.0,10389.6,49.0,Debit,Branch,1
17.67,91.0,1048.18,63.0,Debit,Online,3
5.29,132.0,12896.68,32.0,Credit,Online,3
401.37,251.0,8208.54,43.0,Debit,Branch,1
145.4,24.0,5244.49,38.0,Debit,Online,3
556.34,45.99999999999999,11935.14,37.0,Debit,Online,3
34.31,251.0,1484.76,24.0,Debit,ATM,2
780.59,145.0,6513.34,23.0,Credit,Online,3
282.65,161.0,13801.15,35.0,Debit,ATM,2
305.27,147.0,12958.65,68.0,Debit,Online,3
185.81,116.00000000000001,9588.71,32.0,Debit,Online,3
66.01,179.0,3475.99,49.0,Debit,Online,3
447.95,75.0,7544.399999999999,29.0,Debit,Branch,1
279.3,48.0,1193.61,19.0,Debit,ATM,2
26.75,26.999999999999996,12063.77,33.0,Debit,Online,3
611.15,121.0,892.8299999999999,27.0,Debit,ATM,2
275.2,81.0,1230.12,54.0,Debit,Online,3
427.79,189.0,1479.67,18.0,Debit,Branch,1
469.13,139.0,1265.28,54.0,Credit,ATM,2
102.81,47.0,3228.87,76.0,Debit,Branch,1
22.61,145.0,1111.67,19.0,Debit,Online,3
68.28,293.0,3213.16,56.0,Debit,Online,3
33.65,146.0,12719.93,63.0,Credit,Online,3
362.68,137.0,2040.77,63.0,Credit,ATM,2
73.23,172.0,1309.85,20.0,Debit,Branch,1
654.49,104.0,164.61,25.0,Credit,Online,3
18.56,161.0,4230.37,49.0,Credit,Branch,1
389.05,41.0,761.0,27.0,Debit,ATM,2
7.38,105.0,2923.83,67.0,Debit,Online,3
109.48,93.0,7372.47,61.0,Debit,Online,3
66.91,85.0,871.1,39.0,Debit,ATM,2
335.48,155.0,3023.16,45.0,Debit,Branch,1
38.14,174.0,1119.21,19.0,Debit,Online,3
1076.98,173.0,11833.73,60.0,Debit,Branch,1
360.02,68.00000000000001,6400.59,68.0,Debit,Online,3
567.71,80.0,13884.24,63.0,Debit,Online,3
218.19,185.0,620.83,19.0,Debit,ATM,2
209.99,40.0,1938.0100000000002,19.0,Debit,ATM,2
11.02,280.0,964.79,19.0,Debit,Branch,1
83.43,109.0,1870.16,56.0,Debit,Online,3
344.97,106.0,5577.94,34.0,Debit,Online,3
172.29,283.0,8700.8,36.0,Debit,ATM,2
195.54,255.0,2794.66,60.0,Debit,Online,3
101.23,87.0,6169.71,45.0,Debit,Online,3
180.46,34.0,831.7499999999999,25.0,Debit,ATM,2
692.55,109.0,2451.56,53.0,Debit,Branch,1
147.31,91.99999999999999,13625.52,34.0,Credit,Online,3
107.48,103.0,1379.39,20.0,Debit,Branch,1
1831.02,83.0,11498.01,62.0,Credit,Online,3
81.51,97.0,865.4899999999999,25.0,Debit,Branch,1
365.48,215.99999999999997,7147.4,76.0,Credit,Online,3
491.1,125.0,7833.85,35.0,Credit,Online,3
452.8,151.0,4840.67,80.0,Debit,Branch,1
645.04,78.0,7361.47,70.0,Debit,Branch,1
169.28,114.0,5128.44,45.0,Debit,Branch,1
88.42,91.0,12381.45,62.0,Debit,ATM,2
155.53,66.0,4008.05,29.0,Debit,ATM,2
991.8200000000002,300.0,3493.13,43.0,Debit,Online,3
39.24,106.0,6462.41,77.0,Debit,ATM,2
152.01,111.0,4625.12,42.0,Debit,ATM,2
78.77,50.00000000000001,6470.57,48.0,Credit,ATM,2
26.5,179.0,4854.83,48.0,Debit,Online,3
83.62,146.0,12652.22,48.0,Debit,ATM,2
142.78,150.0,11705.88,68.0,Debit,Branch,1
55.99,95.0,932.61,35.0,Debit,ATM,2
774.48,30.999999999999996,11613.58,61.0,Debit,Branch,1
105.37,160.0,1068.55,25.0,Debit,ATM,2
118.83,295.0,1616.3,28.0,Debit,Online,3
46.22,217.0,471.2799999999999,23.0,Debit,Branch,1
659.71,148.0,106.86,21.0,Credit,Branch,1
377.97,160.0,2457.1,72.0,Debit,Online,3
114.1,148.0,5882.12,69.0,Debit,Branch,1
11.3,41.0,1938.99,55.0,Credit,Online,3
95.5,17.0,4079.09,57.0,Debit,Online,3
130.93,149.0,860.1199999999999,28.0,Credit,Branch,1
272.97,174.0,7811.310000000001,68.0,Debit,Online,3
73.35,47.0,1181.84,24.0,Debit,Branch,1
29.94,243.0,10915.54,58.0,Debit,ATM,2
307.24,136.0,1670.72,19.0,Debit,ATM,2
50.52,140.0,1121.19,20.0,Debit,Online,3
820.46,243.0,5621.86,53.0,Credit,Online,3
153.07,116.00000000000001,8873.43,56.0,Debit,ATM,2
52.94,146.0,6990.92,41.0,Debit,Branch,1
384.41,65.0,7831.56,60.0,Debit,ATM,2
235.42,175.0,6173.23,51.0,Debit,Branch,1
114.23,64.0,9523.72,56.0,Debit,ATM,2
12.62,61.00000000000001,6420.47,33.0,Debit,Branch,1
997.37,145.0,1146.09,23.0,Debit,ATM,2
373.52,235.0,6430.41,35.0,Debit,ATM,2
336.05,164.0,1635.05,28.0,Debit,Branch,1
366.93,33.0,6697.79,66.0,Debit,Online,3
112.27,102.0,7369.89,58.0,Debit,Branch,1
494.9599999999999,132.0,6903.68,40.0,Debit,ATM,2
561.58,22.999999999999996,11748.86,65.0,Debit,Online,3
440.94,148.0,7303.23,42.0,Debit,Online,3
71.9,51.00000000000001,10619.35,29.0,Debit,Branch,1
256.66,137.0,1794.5,54.0,Credit,Online,3
166.55,99.0,12970.21,59.0,Credit,Branch,1
276.26,143.0,120.88999999999999,56.0,Debit,Branch,1
35.46,164.0,5692.31,67.0,Debit,ATM,2
38.14,165.0,9879.87,50.0,Debit,Branch,1
506.25999999999993,86.0,6266.65,64.0,Credit,ATM,2
736.32,28.0,14268.95,31.0,Debit,Online,3
389.43,151.0,6449.83,52.0,Credit,ATM,2
25.58,166.0,6741.41,60.0,Debit,ATM,2
446.1,243.0,1008.44,25.0,Debit,ATM,2
147.74,15.0,1711.78,23.0,Debit,Branch,1
1228.81,254.0,1821.0,26.0,Debit,ATM,2
46.23,282.0,5107.75,77.0,Debit,Online,3
265.37,77.0,5229.95,33.0,Debit,Branch,1
342.57,91.0,339.16,20.0,Debit,Online,3
417.26,45.0,10442.48,32.0,Credit,Online,3
33.63,75.99999999999999,4324.4,63.0,Debit,Online,3
64.58,173.0,6292.29,55.0,Debit,Branch,1
23.23,122.0,269.01,21.0,Credit,Branch,1
160.52,112.0,5379.25,78.0,Credit,ATM,2
278.88,179.0,1334.09,64.0,Debit,Branch,1
285.49,109.0,6366.84,53.0,Credit,Branch,1
71.87,258.0,1839.1,22.0,Debit,ATM,2
308.8,41.0,3966.5399999999995,53.0,Debit,ATM,2
135.35,82.0,9983.36,33.0,Debit,Branch,1
288.43,72.0,4577.09,66.0,Debit,Branch,1
147.46,205.0,7458.029999999999,65.0,Credit,Online,3
214.15,217.0,6397.29,32.0,Debit,Branch,1
71.34,144.0,6345.03,49.0,Debit,Online,3
170.36,118.0,6034.73,30.0,Debit,ATM,2
965.66,32.0,765.8099999999998,53.0,Debit,ATM,2
736.53,120.0,9826.26,55.0,Debit,ATM,2
213.42,17.0,3736.3800000000006,45.0,Debit,ATM,2
94.09,203.0,646.8499999999999,27.0,Debit,Branch,1
91.23,86.0,6385.12,72.0,Debit,ATM,2
263.92,233.0,4161.71,57.0,Credit,Branch,1
77.5,201.0,11079.77,51.0,Credit,Online,3
3.65,146.0,10017.11,69.0,Debit,Online,3
43.88,251.0,1644.09,26.0,Credit,Online,3
591.98,132.0,387.65,28.0,Debit,ATM,2
224.79,129.0,528.38,18.0,Debit,Online,3
64.3,67.0,7530.299999999999,55.0,Debit,ATM,2
111.79,49.0,10887.59,62.0,Debit,Online,3
927.16,153.0,7104.61,59.0,Debit,ATM,2
613.7,37.0,7307.11,61.0,Credit,Branch,1
26.07,18.999999999999996,349.98,20.0,Debit,Branch,1
170.45,199.0,2284.41,60.0,Debit,Branch,1
344.27,123.0,1918.3600000000001,22.0,Debit,Branch,1
872.72,288.0,503.01,22.0,Debit,Online,3
292.95,56.0,1216.91,37.0,Debit,Branch,1
28.44,243.0,1071.04,18.0,Debit,ATM,2
209.02,74.0,187.9,21.0,Debit,ATM,2
20.05,171.0,7145.67,72.0,Debit,ATM,2
175.02,71.0,1493.88,28.0,Debit,Online,3
89.5,134.0,8658.95,41.0,Credit,Branch,1
69.96,30.999999999999996,164.12,28.0,Debit,Branch,1
146.51,68.00000000000001,7089.9,53.0,Debit,ATM,2
376.78,88.0,841.6499999999999,21.0,Credit,Online,3
148.54,107.0,5677.05,71.0,Credit,Branch,1
388.77,30.0,1658.49,26.0,Credit,Online,3
100.38,49.0,10171.68,63.0,Debit,Branch,1
137.23,63.0,13847.99,64.0,Debit,Branch,1
870.3,229.0,3688.98,51.0,Debit,ATM,2
458.94,180.0,5619.95,52.0,Debit,Branch,1
327.35,175.0,342.08,20.0,Credit,Branch,1
757.15,37.99999999999999,4702.86,53.0,Debit,Online,3
5.64,47.0,12703.24,59.0,Debit,Online,3
47.23,160.0,6659.81,73.0,Credit,Online,3
239.41,247.99999999999997,7860.65,42.0,Credit,Online,3
7.48,29.000000000000004,1275.2,55.0,Debit,ATM,2
170.97,292.0,1265.27,26.0,Debit,Branch,1
262.43,274.0,12841.01,37.0,Credit,Online,3
659.15,204.0,1241.59,22.0,Debit,ATM,2
31.53,283.0,874.93,25.0,Debit,Online,3
111.66,140.0,5716.72,48.0,Credit,Online,3
250.01,88.0,1541.48,62.0,Debit,ATM,2
554.15,107.99999999999999,14817.22,49.0,Debit,ATM,2
598.66,222.0,2587.11,32.0,Credit,Branch,1
28.38,98.0,173.7,55.0,Debit,Branch,1
16.8,94.0,11847.07,49.0,Debit,ATM,2
896.79,168.00000000000003,11146.74,33.0,Debit,Online,3
159.0,37.99999999999999,369.79,49.0,Debit,ATM,2
56.31,195.0,6396.08,75.0,Credit,Online,3
203.99,215.0,4840.31,52.0,Debit,Online,3
50.99,75.99999999999999,1334.6,29.0,Debit,Branch,1
101.28,75.0,2774.35,32.0,Credit,Online,3
299.92,122.0,1368.0,27.0,Debit,ATM,2
77.54,73.0,4536.38,67.0,Debit,Online,3
18.35,78.0,1293.39,21.0,Debit,Branch,1
732.53,116.00000000000001,441.54,26.0,Credit,ATM,2
65.11,150.0,8485.14,34.0,Debit,ATM,2
67.07,56.0,999.6200000000001,24.0,Credit,ATM,2
137.48,47.0,14273.42,55.0,Debit,Branch,1
398.36,56.0,1863.7,22.0,Debit,ATM,2
469.46,149.0,8640.56,20.0,Debit,ATM,2
37.58,182.0,259.44,57.0,Debit,ATM,2
160.24,15.0,5526.97,31.0,Debit,ATM,2
315.39,93.0,929.6,23.0,Credit,Branch,1
434.17,148.0,5335.44,21.0,Debit,ATM,2
165.91,84.00000000000001,587.1199999999999,26.0,Debit,ATM,2
211.36,194.0,4760.34,47.0,Debit,Branch,1
241.45000000000002,158.0,1594.04,26.0,Debit,Online,3
23.24,129.0,13777.79,68.0,Debit,Branch,1
70.88,176.0,1794.65,74.0,Credit,Branch,1
1143.67,111.0,7677.760000000001,66.0,Debit,Online,3
314.52,229.0,7071.32,80.0,Debit,ATM,2
181.81,122.0,7525.7300000000005,78.0,Credit,Online,3
854.64,118.0,2989.25,56.0,Debit,Branch,1
261.19,52.00000000000001,7620.6,64.0,Debit,ATM,2
220.68,217.0,5549.2,71.0,Credit,Online,3
11.86,129.0,6782.61,31.0,Debit,Branch,1
122.65000000000002,41.0,1968.51,28.0,Debit,Online,3
395.16,17.0,5340.73,56.0,Debit,Online,3
704.69,150.0,3267.84,51.0,Debit,Online,3
369.89,69.00000000000001,6941.47,69.0,Debit,ATM,2
10.92,268.0,7567.2,67.0,Debit,ATM,2
199.14,36.0,7001.25,31.0,Debit,Branch,1
109.43,140.0,1983.65,70.0,Debit,ATM,2
304.15,40.0,686.9099999999999,20.0,Debit,Branch,1
620.54,98.0,213.36,28.0,Credit,Branch,1
757.79,117.0,1443.02,22.0,Debit,Online,3
122.81,12.0,8450.84,52.0,Debit,Branch,1
96.25,171.0,7996.699999999999,61.0,Debit,Online,3
1431.33,49.0,5567.98,30.0,Debit,ATM,2
142.55,97.0,1262.68,67.0,Debit,Online,3
35.94,141.0,1697.28,23.0,Credit,Branch,1
24.86,292.0,2591.65,58.0,Debit,Branch,1
103.08,109.0,12002.16,60.0,Debit,Online,3
116.27,94.0,8726.92,57.0,Debit,Online,3
363.84,118.0,5415.64,73.0,Debit,Online,3
34.74,72.0,3736.57,59.0,Credit,Online,3
64.01,240.0,1225.69,19.0,Credit,Branch,1
108.75,22.999999999999996,14829.85,50.0,Debit,ATM,2
50.9,150.0,1277.7,28.0,Credit,Online,3
206.84,154.0,454.66,20.0,Debit,Branch,1
37.4,84.00000000000001,1519.51,20.0,Debit,ATM,2
154.21,75.0,8045.77,46.0,Debit,Online,3
199.37,79.0,1331.3,24.0,Debit,Online,3
410.49,134.0,1843.57,25.0,Credit,Branch,1
1360.01,218.0,6601.5,67.0,Credit,Branch,1
18.23,28.0,8422.2,56.0,Debit,ATM,2
398.7,276.0,7987.740000000001,47.0,Debit,ATM,2
122.14,155.0,327.68,22.0,Debit,Online,3
378.2,167.0,7372.81,40.0,Debit,Branch,1
124.74,33.0,2987.97,49.0,Debit,ATM,2
17.1,101.0,1619.54,53.0,Debit,ATM,2
287.05,212.0,1204.65,22.0,Debit,ATM,2
874.72,173.0,4630.58,28.0,Debit,Online,3
1762.28,150.0,1380.34,24.0,Debit,ATM,2
40.12,269.0,14304.38,36.0,Credit,ATM,2
125.00000000000001,177.0,3215.76,49.0,Credit,Online,3
348.44,147.0,1022.94,24.0,Debit,Online,3
128.4,30.999999999999996,2610.64,69.0,Debit,ATM,2
320.93,178.0,9451.66,55.0,Debit,Online,3
1.41,278.0,1244.17,53.0,Debit,ATM,2
50.52,293.0,12815.24,54.0,Debit,Branch,1
383.95,143.0,9933.56,31.0,Credit,Online,3
12.94,158.0,921.23,23.0,Debit,Branch,1
329.75,211.0,6009.43,56.0,Debit,Online,3
981.76,234.0,602.3599999999999,45.0,Debit,Online,3
40.79,80.0,1769.33,18.0,Debit,ATM,2
99.25,93.0,2570.34,63.0,Credit,Online,3
150.6,59.00000000000001,3240.14,69.0,Debit,ATM,2
29.5,129.0,1229.32,73.0,Debit,Online,3
54.34,45.99999999999999,8019.890000000001,65.0,Debit,ATM,2
18.25,18.0,14328.29,53.0,Debit,ATM,2
633.87,175.0,330.16,27.0,Debit,Online,3
81.15,114.0,1595.26,19.0,Debit,ATM,2
83.95,170.0,7413.18,75.0,Debit,Online,3
410.4,78.0,2563.91,61.0,Credit,ATM,2
172.68,17.0,10724.95,33.0,Debit,ATM,2
139.88,162.0,2969.71,34.0,Debit,ATM,2
165.55,115.0,761.7799999999999,28.0,Debit,Branch,1
53.79,137.0,6229.36,54.0,Credit,ATM,2
285.69,35.0,2552.54,63.0,Debit,ATM,2
532.4,149.0,1033.73,22.0,Debit,ATM,2
293.85,144.0,1919.97,25.0,Debit,Online,3
27.94,120.0,1893.4399999999998,79.0,Debit,Branch,1
270.36,37.0,1783.04,25.0,Debit,ATM,2
112.66,176.0,852.98,29.0,Debit,Online,3
506.03000000000003,21.000000000000004,1123.89,21.0,Debit,Branch,1
206.95,30.999999999999996,1817.65,22.0,Debit,Branch,1
350.96,167.0,5463.94,63.0,Debit,ATM,2
261.63,150.0,477.03,20.0,Debit,Branch,1
46.12,30.0,8874.01,59.0,Debit,Branch,1
27.25,91.99999999999999,5365.2,63.0,Credit,Branch,1
1353.93,171.0,7858.41,26.0,Debit,Branch,1
331.66,145.0,7216.3,76.0,Debit,ATM,2
667.95,253.0,13558.56,62.0,Credit,ATM,2
49.84,146.0,7872.04,49.0,Debit,ATM,2
556.04,26.999999999999996,5200.04,72.0,Debit,ATM,2
88.06,288.0,1779.85,18.0,Credit,Online,3
745.95,127.0,13264.14,58.0,Debit,ATM,2
67.25,157.0,467.4,19.0,Debit,Online,3
93.63,141.0,9873.62,29.0,Debit,ATM,2
74.11,49.0,1257.9,22.0,Debit,Branch,1
41.13,58.00000000000001,6067.54,77.0,Credit,Branch,1
192.02,154.0,5169.07,79.0,Credit,Online,3
291.27,121.0,6878.86,77.0,Debit,Branch,1
296.46,136.0,558.99,23.0,Debit,Branch,1
341.84,89.0,1400.04,27.0,Credit,Branch,1
98.41,48.0,912.7099999999999,27.0,Debit,Online,3
109.28,112.0,6338.35,36.0,Debit,Online,3
27.51,103.0,13645.63,40.0,Credit,Online,3
12.18,77.0,4909.24,76.0,Debit,Branch,1
207.71,63.0,570.0999999999999,25.0,Credit,Online,3
25.77,277.0,11749.77,45.0,Credit,Online,3
127.56999999999998,75.0,6118.2,52.0,Debit,ATM,2
392.05,172.0,4383.69,60.0,Debit,ATM,2
521.01,73.0,4004.55,41.0,Credit,Branch,1
849.76,269.0,373.88,25.0,Debit,ATM,2
172.5,30.999999999999996,6851.16,68.0,Debit,Online,3
265.44,169.0,9700.77,30.0,Debit,ATM,2
152.34,115.0,6853.51,55.0,Debit,Branch,1
21.13,153.0,948.7,28.0,Debit,Branch,1
111.55,101.0,12221.17,46.0,Debit,ATM,2
321.82,43.0,6500.5,32.0,Credit,Branch,1
1294.81,279.0,9927.75,45.0,Credit,Branch,1
148.77,175.0,2138.42,67.0,Debit,Branch,1
14.08,154.0,3908.6499999999996,57.0,Debit,Branch,1
1283.97,121.0,11041.9,42.0,Debit,ATM,2
566.33,66.0,379.82,24.0,Credit,ATM,2
206.51,275.0,3921.74,51.0,Debit,ATM,2
180.94,57.0,7659.990000000001,75.0,Debit,Branch,1
77.9,128.0,664.7199999999999,21.0,Debit,Branch,1
318.92,60.00000000000001,1167.25,21.0,Credit,Branch,1
583.3,142.0,5896.01,59.0,Credit,Online,3
100.68,139.0,1123.75,63.0,Debit,Online,3
589.64,210.0,2039.4,62.0,Debit,Online,3
225.93,199.0,1864.27,25.0,Credit,Branch,1
651.55,82.0,2325.78,72.0,Debit,Online,3
80.97,157.0,5926.31,38.0,Debit,Online,3
191.89,14.0,399.57,25.0,Debit,Branch,1
304.75,125.0,1916.34,78.0,Credit,Branch,1
201.53,287.0,2732.86,68.0,Debit,Online,3
8.45,141.0,1115.3,22.0,Debit,ATM,2
435.98,105.0,7334.08,30.0,Debit,Branch,1
743.24,109.0,1024.19,19.0,Credit,Online,3
16.27,44.0,10971.32,57.0,Debit,ATM,2
290.86,36.0,14631.88,45.0,Debit,Online,3
85.73,266.0,14928.35,41.0,Debit,ATM,2
555.71,73.0,830.3699999999999,22.0,Credit,Branch,1
40.03,200.00000000000003,6408.8,23.0,Debit,Branch,1
73.01,61.99999999999999,1997.3299999999997,25.0,Credit,Online,3
346.12,12.0,13084.27,44.0,Debit,Branch,1
1.9299999999999997,175.0,5684.09,47.0,Debit,Branch,1
252.92999999999998,222.0,2760.37,75.0,Debit,ATM,2
238.54,12.0,868.9099999999999,19.0,Debit,ATM,2
1011.22,129.0,5838.91,61.0,Debit,Branch,1
58.7,141.0,8937.35,67.0,Debit,Branch,1
7.5600000000000005,145.0,8528.72,40.0,Debit,ATM,2
540.4,272.0,425.77,45.0,Debit,Branch,1
264.14,125.0,8459.26,64.0,Debit,ATM,2
248.15000000000003,202.0,2649.23,75.0,Debit,ATM,2
24.34,110.0,6659.12,54.0,Debit,Branch,1
428.61,61.99999999999999,11937.04,66.0,Debit,ATM,2
117.66,126.0,6794.17,39.0,Credit,Branch,1
165.8,287.0,2064.76,60.0,Debit,Online,3
289.18,64.0,3139.75,65.0,Debit,ATM,2
125.38999999999999,140.0,202.69,21.0,Debit,ATM,2
305.18,215.99999999999997,4474.2,58.0,Debit,Online,3
506.90000000000003,56.0,11471.87,64.0,Credit,Branch,1
504.11999999999995,101.0,1107.28,25.0,Credit,Branch,1
42.09,118.0,5526.28,29.0,Debit,Branch,1
607.28,84.00000000000001,9679.68,32.0,Debit,ATM,2
91.9,125.0,1033.94,77.0,Debit,Online,3
303.43,30.0,1833.24,22.0,Debit,Branch,1
668.78,141.0,983.6799999999998,20.0,Debit,ATM,2
270.54,139.0,269.78,20.0,Credit,ATM,2
247.93,79.0,9801.48,37.0,Debit,Branch,1
34.67,71.0,888.6,19.0,Debit,Online,3
326.03,137.0,290.24,18.0,Credit,Online,3
148.26,57.0,958.7,25.0,Debit,ATM,2
1086.6,37.99999999999999,1605.67,19.0,Debit,Online,3
373.99,140.0,8590.5,60.0,Debit,ATM,2
254.33999999999997,79.0,5461.08,49.0,Debit,Online,3
819.48,26.0,1804.5,25.0,Debit,ATM,2
14.0,173.0,7975.179999999999,49.0,Debit,ATM,2
57.16,74.0,222.22,40.0,Debit,ATM,2
282.26,278.0,6857.2,37.0,Debit,Online,3
46.96,12.0,2028.92,46.0,Debit,Online,3
473.2,173.0,248.52,34.0,Debit,Online,3
192.97,140.0,3019.04,59.0,Debit,ATM,2
168.99,203.0,1523.57,18.0,Debit,ATM,2
1.8200000000000003,60.00000000000001,5571.39,80.0,Debit,Online,3
40.9,37.0,1514.34,55.0,Debit,ATM,2
78.91,157.0,1817.43,61.0,Debit,Online,3
169.97,12.0,6269.12,22.0,Credit,ATM,2
17.79,162.0,2281.9,61.0,Debit,Branch,1
486.61,130.0,2006.69,48.0,Credit,ATM,2
148.13,56.0,2189.38,58.0,Debit,Branch,1
164.52,162.0,11036.74,61.0,Debit,ATM,2
720.89,120.0,447.06,27.0,Debit,ATM,2
268.7,63.0,2104.74,53.0,Debit,ATM,2
637.34,278.0,5183.5,51.0,Debit,ATM,2
216.76,138.0,643.6399999999999,47.0,Credit,Online,3
418.02,110.0,11011.86,46.0,Debit,ATM,2
292.03,154.0,951.3300000000002,46.0,Credit,ATM,2
251.4,178.0,2561.67,57.0,Debit,ATM,2
184.56,93.0,1549.27,21.0,Debit,Online,3
33.76,227.0,3253.51,26.0,Debit,Online,3
253.46000000000004,60.00000000000001,1338.95,45.0,Debit,ATM,2
1612.37,173.0,3910.5900000000006,65.0,Debit,ATM,2
138.68,44.0,206.2,22.0,Credit,Branch,1
42.56,146.0,4361.44,18.0,Debit,Online,3
680.76,165.0,572.97,21.0,Debit,Branch,1
53.83,131.0,4580.59,70.0,Debit,Branch,1
11.09,95.0,2990.05,51.0,Debit,Branch,1
37.81,195.0,5208.98,63.0,Debit,Branch,1
449.18,50.00000000000001,1025.99,67.0,Debit,Online,3
1135.8,250.0,13534.3,30.0,Debit,ATM,2
297.6,162.0,1461.17,39.0,Debit,Online,3
683.75,106.0,6333.72,32.0,Debit,Branch,1
21.4,129.0,8551.6,48.0,Credit,Online,3
315.94,93.0,4273.99,78.0,Debit,ATM,2
331.32,137.0,13054.54,61.0,Debit,Branch,1
223.76,110.0,4102.23,74.0,Credit,Branch,1
216.03,300.0,10462.77,42.0,Debit,ATM,2
17.42,150.0,6851.31,74.0,Debit,ATM,2
491.91,155.0,2421.94,78.0,Debit,Online,3
350.11,178.0,4639.04,74.0,Credit,Online,3
218.07,243.0,443.62,23.0,Debit,Branch,1
291.09,73.0,6312.79,48.0,Debit,Branch,1
422.14,109.0,1436.32,26.0,Credit,Branch,1
613.21,157.0,3279.12,61.0,Debit,ATM,2
73.83,69.00000000000001,6020.29,69.0,Debit,Online,3
67.33,36.0,5925.98,59.0,Debit,Online,3
26.92,43.0,1674.94,62.0,Debit,ATM,2
18.3,155.0,3733.5200000000004,48.0,Debit,Online,3
317.94,123.99999999999999,2996.51,54.0,Debit,ATM,2
179.38,173.0,11666.18,40.0,Debit,Online,3
918.95,139.0,7006.46,68.0,Debit,Online,3
13.92,209.0,2735.84,37.0,Debit,ATM,2
365.43,176.0,1073.51,25.0,Debit,ATM,2
263.59,16.0,6996.35,71.0,Debit,Branch,1
54.8,140.0,4943.49,34.0,Debit,Branch,1
141.49,75.0,1665.58,24.0,Debit,Online,3
31.389999999999997,15.0,998.4900000000001,20.0,Debit,ATM,2
93.82,176.0,8422.06,39.0,Debit,Online,3
5.71,106.0,1285.42,21.0,Debit,Branch,1
178.39,98.0,8469.43,34.0,Debit,Online,3
126.91,42.00000000000001,692.6899999999999,22.0,Debit,ATM,2
36.09,167.0,12319.26,53.0,Debit,Branch,1
91.77,174.0,9240.73,51.0,Debit,Branch,1
198.92,100.00000000000001,2854.66,36.0,Debit,Online,3
137.81,44.0,2631.47,58.0,Debit,Branch,1
136.88,71.0,7465.950000000001,24.0,Credit,Branch,1
133.07,155.0,1670.99,21.0,Debit,Branch,1
1.14,137.0,13913.92,43.0,Debit,Branch,1
256.34,99.0,7471.630000000001,69.0,Debit,Branch,1
56.11,109.0,11123.65,36.0,Debit,Branch,1
118.1,50.00000000000001,7976.6,50.0,Debit,ATM,2
137.86,120.0,8046.939999999999,66.0,Credit,Online,3
813.78,55.0,14935.500000000002,54.0,Credit,ATM,2
237.97,69.00000000000001,13486.15,69.0,Debit,ATM,2
684.96,30.999999999999996,526.67,21.0,Debit,ATM,2
878.63,139.0,4954.37,60.0,Debit,ATM,2
276.56,15.0,8942.58,68.0,Debit,Branch,1
8.75,199.0,4044.6199999999994,79.0,Debit,ATM,2
637.48,207.0,4148.85,65.0,Debit,Online,3
103.15,179.0,11388.15,51.0,Debit,Branch,1
505.59999999999997,183.0,5347.57,52.0,Debit,Branch,1
371.86,91.0,1329.45,46.0,Debit,ATM,2
14.26,37.0,2475.65,50.0,Debit,Branch,1
13.16,98.0,1019.46,43.0,Debit,Branch,1
167.92,136.0,14321.73,40.0,Debit,ATM,2
73.01,101.0,2833.12,56.0,Debit,ATM,2
201.5,196.0,12148.32,61.0,Credit,Online,3
150.3,204.0,14371.08,41.0,Debit,Online,3
23.7,32.0,7947.439999999999,46.0,Debit,ATM,2
49.59,147.0,6037.03,48.0,Debit,Branch,1
720.13,96.0,387.02,22.0,Credit,ATM,2
134.92,101.0,1081.97,19.0,Debit,Online,3
116.97,299.0,729.7,18.0,Debit,ATM,2
11.06,13.0,2782.21,34.0,Debit,ATM,2
88.29,287.0,5245.93,50.0,Credit,Online,3
5.81,222.0,1290.95,25.0,Debit,ATM,2
103.48,33.0,6494.25,32.0,Debit,ATM,2
156.74,136.0,4004.35,70.0,Debit,ATM,2
505.14,179.0,2525.47,68.0,Debit,ATM,2
31.060000000000002,61.00000000000001,11014.25,46.0,Debit,ATM,2
7.610000000000001,163.0,6275.0,50.0,Debit,ATM,2
276.16,71.0,1733.34,53.0,Credit,ATM,2
145.77,237.0,5294.98,68.0,Debit,ATM,2
369.44,18.999999999999996,5018.67,34.0,Debit,Online,3
558.86,95.0,9844.32,60.0,Debit,ATM,2
429.15,218.0,712.1299999999999,26.0,Debit,Branch,1
36.74,133.0,6217.58,33.0,Debit,Branch,1
79.14,22.0,2229.56,57.0,Credit,Online,3
132.48,101.0,9313.05,36.0,Debit,Branch,1
136.48,138.0,4618.53,52.0,Debit,Online,3
203.76,37.0,6747.16,55.0,Debit,Branch,1
750.95,26.999999999999996,5134.37,78.0,Debit,Branch,1
0.84,30.999999999999996,2207.54,52.0,Debit,ATM,2
257.18,28.0,13336.15,67.0,Debit,Online,3
767.66,155.0,1801.69,63.0,Debit,ATM,2
182.29,123.0,522.39,54.0,Debit,Online,3
184.51,118.0,9381.64,54.0,Credit,Online,3
451.31,166.0,2963.29,62.0,Debit,ATM,2
144.1,30.0,11523.64,57.0,Debit,Branch,1
72.5,30.0,12723.62,40.0,Debit,ATM,2
74.11,71.0,3920.11,69.0,Credit,Online,3
22.15,73.0,7451.83,44.0,Debit,Branch,1
777.92,97.0,7061.58,62.0,Debit,Branch,1
790.07,197.0,985.7700000000001,28.0,Debit,Online,3
406.33,103.0,4298.34,59.0,Credit,Branch,1
767.41,26.999999999999996,12799.34,56.0,Debit,ATM,2
4.58,135.0,811.2399999999999,21.0,Credit,Online,3
447.83,88.0,13273.08,53.0,Credit,Branch,1
49.67,146.0,842.94,21.0,Debit,Online,3
77.83,146.0,2471.53,49.0,Credit,Branch,1
702.87,183.99999999999997,1237.5,19.0,Debit,ATM,2
133.56,177.0,783.8299999999999,25.0,Debit,Online,3
868.05,119.0,3931.03,49.0,Credit,Online,3
52.87,70.0,960.96,24.0,Debit,Branch,1
179.0,121.0,7310.88,78.0,Debit,ATM,2
1168.26,37.0,1385.74,73.0,Credit,Online,3
384.11,12.0,7902.5199999999995,58.0,Debit,ATM,2
227.61,61.00000000000001,4405.28,71.0,Debit,Online,3
40.83,24.0,3944.12,48.0,Debit,ATM,2
19.76,240.0,1523.04,20.0,Debit,ATM,2
484.24,77.0,8042.299999999999,67.0,Debit,Branch,1
494.66,110.0,5531.93,33.0,Debit,Online,3
301.47,291.0,560.73,21.0,Debit,Branch,1
199.09,89.0,1658.52,70.0,Debit,Online,3
38.95,50.00000000000001,731.52,27.0,Debit,Online,3
515.94,37.0,1389.89,29.0,Debit,ATM,2
41.93,136.0,5081.26,48.0,Debit,ATM,2
137.84,83.0,1000.3500000000001,27.0,Debit,ATM,2
95.35,131.0,1639.9,21.0,Debit,Online,3
93.14,151.0,5473.82,67.0,Debit,Online,3
1427.71,159.0,1729.26,64.0,Debit,Branch,1
79.33,109.0,14798.1,51.0,Credit,Online,3
76.89,132.0,7374.26,55.0,Debit,ATM,2
233.71,297.0,1231.98,19.0,Debit,Online,3
14.92,120.0,6611.26,26.0,Debit,Branch,1
242.17,147.0,883.7199999999999,60.0,Debit,ATM,2
122.98,228.0,5055.99,79.0,Debit,Online,3
129.35,130.0,7166.88,52.0,Debit,ATM,2
138.33,69.00000000000001,232.56,21.0,Debit,Online,3
39.31,178.0,1236.38,25.0,Debit,Online,3
91.85,148.0,802.09,21.0,Debit,Online,3
277.7,107.0,1423.2,58.0,Debit,Branch,1
114.03,172.0,13388.56,51.0,Debit,ATM,2
302.63,10.0,2801.28,27.0,Credit,Branch,1
31.19,74.0,5545.96,52.0,Debit,ATM,2
112.91,135.0,4764.48,27.0,Credit,Online,3
742.26,36.0,7868.189999999999,27.0,Debit,Online,3
256.8,80.0,1128.38,26.0,Debit,ATM,2
378.68,239.0,7627.04,60.0,Debit,ATM,2
571.93,119.0,4026.0300000000007,52.0,Debit,Online,3
26.31,163.0,7095.76,77.0,Credit,Online,3
205.58,159.0,1501.95,20.0,Debit,Online,3
533.61,115.0,3656.93,48.0,Debit,Online,3
428.62,72.0,3473.24,55.0,Debit,Branch,1
361.22,167.0,7061.73,64.0,Debit,ATM,2
837.29,215.99999999999997,6012.67,25.0,Debit,Branch,1
117.25,73.0,13694.68,31.0,Credit,Online,3
135.27,131.0,9410.51,48.0,Debit,ATM,2
185.1,22.999999999999996,6115.63,53.0,Debit,Branch,1
113.54,273.0,5581.21,38.0,Debit,Online,3
354.96,96.0,6712.94,69.0,Debit,Online,3
224.22,37.0,8400.87,53.0,Debit,Branch,1
737.1,91.99999999999999,4644.19,60.0,Debit,ATM,2
223.22,96.0,1734.22,27.0,Debit,ATM,2
557.26,53.00000000000001,5237.12,69.0,Debit,ATM,2
1496.57,95.0,969.06,33.0,Debit,Online,3
27.44,164.0,5950.48,62.0,Debit,ATM,2
310.09,166.0,9962.5,36.0,Debit,Branch,1
80.38,116.00000000000001,9662.88,52.0,Debit,Online,3
26.1,115.0,5243.0,66.0,Credit,Branch,1
845.14,183.0,1702.65,73.0,Credit,Branch,1
59.73,56.0,800.93,27.0,Debit,ATM,2
758.77,114.0,7231.47,60.0,Debit,ATM,2
301.51,284.0,1052.31,22.0,Debit,ATM,2
418.03,161.0,10721.29,58.0,Debit,Online,3
118.06,30.999999999999996,13560.63,32.0,Credit,Branch,1
483.92,115.0,3138.0,70.0,Debit,ATM,2
78.93,145.0,9916.24,38.0,Debit,ATM,2
36.63,261.0,7941.73,75.0,Debit,ATM,2
87.85,63.0,3753.2400000000002,49.0,Debit,Branch,1
1001.83,55.0,9733.83,31.0,Debit,Online,3
705.34,123.99999999999999,5003.22,59.0,Debit,Online,3
146.55,123.99999999999999,4087.4400000000005,54.0,Debit,Online,3
116.89,226.0,4880.31,71.0,Debit,Online,3
106.41,87.0,1310.38,57.0,Debit,Branch,1
1087.9,103.0,2513.51,78.0,Debit,ATM,2
584.41,41.0,4475.22,23.0,Debit,ATM,2
584.98,121.0,6521.05,55.0,Credit,Branch,1
79.21,140.0,1615.04,56.0,Debit,Branch,1
173.13,288.0,1490.34,20.0,Credit,Online,3
335.7,57.0,6601.44,80.0,Debit,ATM,2
1225.5,109.0,8611.17,50.0,Credit,Online,3
422.81,193.0,1929.2799999999997,28.0,Debit,Branch,1
135.43,91.99999999999999,5315.83,57.0,Debit,ATM,2
584.88,121.0,548.45,26.0,Debit,ATM,2
308.94,167.0,1931.6599999999999,25.0,Debit,Online,3
295.93,117.0,1050.63,36.0,Debit,Branch,1
1512.99,50.00000000000001,9963.39,19.0,Debit,Online,3
77.44,268.0,1950.63,58.0,Debit,Branch,1
92.5,70.0,6295.45,40.0,Credit,Online,3
97.74,137.0,4113.63,41.0,Credit,Online,3
291.68,90.0,1451.02,21.0,Debit,ATM,2
56.96,135.0,1597.85,22.0,Debit,ATM,2
436.8,91.99999999999999,1256.33,27.0,Debit,Online,3
259.49,292.0,7320.61,72.0,Debit,Online,3
726.26,147.0,2150.38,57.0,Debit,Online,3
568.68,101.0,2940.04,72.0,Debit,ATM,2
77.57,225.0,12801.93,49.0,Debit,Online,3
999.28,40.0,4272.41,29.0,Debit,Online,3
14.16,290.0,5399.76,74.0,Credit,Branch,1
1142.83,48.0,2467.39,61.0,Credit,Branch,1
61.330000000000005,129.0,7537.400000000001,27.0,Debit,ATM,2
27.64,22.999999999999996,7498.509999999999,54.0,Debit,Online,3
3.85,32.0,10506.41,29.0,Debit,ATM,2
431.22,129.0,6505.98,73.0,Credit,Branch,1
178.55,67.0,7568.400000000001,55.0,Debit,Branch,1
248.76,56.0,546.46,18.0,Debit,ATM,2
76.16,99.0,1072.25,23.0,Debit,ATM,2
347.25,250.0,7273.55,69.0,Debit,ATM,2
28.04,146.0,11197.54,57.0,Debit,ATM,2
325.98,277.0,782.35,19.0,Debit,ATM,2
249.56000000000003,246.0,4444.95,76.0,Debit,Branch,1
17.43,33.0,10658.88,56.0,Debit,ATM,2
198.01,40.0,250.93000000000004,26.0,Credit,Branch,1
585.58,55.0,1729.02,23.0,Debit,Branch,1
434.67,123.99999999999999,1298.13,27.0,Credit,Online,3
510.7,294.0,5828.48,27.0,Credit,Online,3
331.98,12.0,7600.99,74.0,Debit,ATM,2
199.54,268.0,9603.73,56.0,Debit,Online,3
212.97,178.0,4180.4,59.0,Debit,Online,3
270.56,139.0,1268.44,23.0,Debit,Online,3
306.37,120.0,9609.67,26.0,Debit,ATM,2
643.02,85.0,11989.39,38.0,Credit,ATM,2
98.48,12.0,9538.92,47.0,Debit,Branch,1
889.01,169.0,4826.88,36.0,Debit,Online,3
537.86,134.0,293.06,27.0,Debit,Online,3
241.18,162.0,1445.53,25.0,Debit,ATM,2
130.54,94.0,11204.62,64.0,Debit,ATM,2
800.29,84.00000000000001,693.4,20.0,Credit,Branch,1
8.81,165.0,13523.65,57.0,Debit,Online,3
28.52,163.0,662.51,20.0,Debit,ATM,2
431.31,99.0,342.73,23.0,Credit,Online,3
885.33,59.00000000000001,7764.159999999999,47.0,Credit,ATM,2
199.23,53.99999999999999,9834.0,29.0,Debit,ATM,2
42.26,171.0,268.77,44.0,Debit,ATM,2
166.06,172.0,5397.68,30.0,Debit,ATM,2
357.72,25.000000000000004,7659.500000000001,53.0,Debit,ATM,2
588.37,284.0,1926.0799999999997,28.0,Debit,Online,3
72.82,127.0,6911.62,68.0,Debit,Online,3
162.36,147.0,7527.040000000001,36.0,Debit,Online,3
584.82,109.0,12071.1,43.0,Credit,Online,3
38.15,129.0,1425.47,72.0,Credit,Online,3
477.54,52.00000000000001,1598.63,23.0,Credit,ATM,2
639.57,43.0,11726.47,60.0,Debit,Branch,1
58.23,34.0,9189.76,28.0,Debit,Online,3
776.21,99.0,4895.87,78.0,Credit,Online,3
248.76,117.0,6178.77,21.0,Debit,Branch,1
188.61,26.0,7167.57,67.0,Debit,Online,3
675.37,30.999999999999996,4704.91,56.0,Credit,Online,3
94.82,56.0,1267.72,67.0,Credit,Branch,1
425.18,135.0,5790.55,59.0,Credit,Online,3
50.28,65.0,5729.1,60.0,Debit,Branch,1
864.72,58.00000000000001,7379.38,34.0,Credit,Branch,1
70.68,105.0,1478.41,25.0,Debit,Online,3
261.77,45.99999999999999,824.7099999999999,28.0,Debit,Online,3
183.22,63.0,1024.42,27.0,Debit,ATM,2
58.32,275.0,6027.49,29.0,Credit,Branch,1
156.86,102.0,14453.35,51.0,Debit,ATM,2
120.67,233.0,5374.54,42.0,Debit,ATM,2
308.62,101.0,9148.08,59.0,Credit,Branch,1
506.81,41.0,2757.23,59.0,Debit,ATM,2
328.39,107.99999999999999,2523.83,41.0,Debit,ATM,2
796.3,64.0,1498.79,67.0,Debit,Branch,1
72.47,72.0,1305.56,29.0,Debit,Online,3
279.6,131.0,1910.9000000000003,25.0,Debit,ATM,2
304.2,102.0,423.64,25.0,Debit,Online,3
351.38,21.000000000000004,7606.63,64.0,Debit,Branch,1
86.07,22.999999999999996,842.5599999999998,31.0,Debit,Branch,1
604.5,80.0,709.4199999999998,28.0,Debit,ATM,2
258.7,123.0,1358.37,27.0,Debit,ATM,2
994.6299999999999,158.0,13538.14,61.0,Debit,Online,3
11.46,64.0,7258.33,75.0,Credit,Branch,1
63.75999999999999,100.00000000000001,4980.26,69.0,Debit,ATM,2
446.83,143.0,1623.5,55.0,Credit,Branch,1
63.540000000000006,136.0,4401.78,26.0,Debit,ATM,2
81.11,110.0,2051.37,48.0,Debit,Online,3
441.26,87.0,13704.92,58.0,Credit,Branch,1
170.96,69.00000000000001,13374.89,64.0,Debit,Branch,1
48.51,69.00000000000001,3363.23,22.0,Debit,Branch,1
325.03,106.0,13521.76,60.0,Debit,Branch,1
125.83,138.0,6109.86,57.0,Debit,ATM,2
506.83,45.0,9975.79,37.0,Debit,Branch,1
738.94,173.0,13856.18,41.0,Debit,Branch,1
180.36,55.0,9905.23,33.0,Credit,Online,3
225.1,35.0,1547.71,28.0,Debit,ATM,2
359.51,157.0,7153.72,79.0,Debit,Online,3
720.46,44.0,3101.54,54.0,Debit,Branch,1
1116.57,104.0,1393.14,56.0,Debit,ATM,2
291.46,135.0,7142.53,57.0,Debit,ATM,2
1192.95,73.0,325.15,23.0,Debit,Branch,1
98.24,148.0,580.66,28.0,Debit,Online,3
100.48,104.0,6149.81,18.0,Credit,Branch,1
45.9,264.0,5698.25,56.0,Debit,Branch,1
258.21,225.0,9562.41,39.0,Debit,Online,3
1079.11,211.0,2038.31,53.0,Debit,Online,3
287.51,255.0,187.65,22.0,Debit,Online,3
501.29999999999995,146.0,8520.08,26.0,Credit,Online,3
26.1,32.0,1435.72,27.0,Debit,ATM,2
436.77,176.0,825.69,20.0,Debit,ATM,2
292.38,224.0,5803.89,68.0,Debit,ATM,2
1026.46,165.0,3134.47,53.0,Debit,Branch,1
25.29,125.0,5374.69,50.0,Debit,Online,3
123.34999999999998,10.0,6852.16,31.0,Credit,Online,3
139.52,30.999999999999996,1570.22,23.0,Debit,Branch,1
51.2,83.0,730.6,18.0,Debit,Online,3
122.85,127.0,13185.39,47.0,Credit,Online,3
161.38,101.0,3900.3399999999997,24.0,Credit,Online,3
2.51,32.0,4891.56,63.0,Debit,Online,3
22.62,102.0,7682.0,64.0,Debit,ATM,2
126.83000000000001,39.0,6100.98,57.0,Debit,Branch,1
46.6,68.00000000000001,1562.9,55.0,Debit,Online,3
243.8,48.0,13732.81,57.0,Debit,Branch,1
231.51,96.0,5790.7,60.0,Credit,Branch,1
175.05,34.0,1447.35,39.0,Debit,Online,3
762.74,244.0,207.1,64.0,Debit,ATM,2
34.03,37.99999999999999,3077.2,57.0,Debit,Branch,1
15.950000000000001,52.00000000000001,1983.0,25.0,Debit,Branch,1
926.53,107.0,3120.1,57.0,Debit,ATM,2
101.51,199.0,3052.47,46.0,Credit,Online,3
309.42,42.00000000000001,8564.46,27.0,Debit,Branch,1
257.6,293.0,7950.74,59.0,Credit,Online,3
746.78,64.0,1699.81,21.0,Credit,Branch,1
82.01,156.0,287.46,23.0,Credit,Branch,1
476.99,187.0,1154.48,23.0,Debit,Online,3
320.11,130.0,4076.4799999999996,23.0,Debit,Branch,1
333.39,35.0,10628.59,68.0,Debit,ATM,2
10.3,197.0,7801.32,47.0,Debit,ATM,2
737.46,75.0,634.16,53.0,Credit,Branch,1
416.55,73.0,922.9599999999999,33.0,Debit,Online,3
84.91,68.00000000000001,1671.86,18.0,Debit,Online,3
98.95,73.0,5670.82,75.0,Debit,Branch,1
18.14,48.0,6020.85,58.0,Credit,ATM,2
1154.79,107.99999999999999,6180.3,51.0,Debit,ATM,2
215.13,114.0,3956.6899999999996,46.0,Debit,Online,3
218.57,102.0,13869.86,62.0,Credit,Branch,1
341.88,89.0,4159.52,43.0,Debit,ATM,2
691.92,61.00000000000001,1084.65,19.0,Debit,Online,3
50.43,51.00000000000001,9794.26,32.0,Debit,Branch,1
440.43,22.999999999999996,5123.24,78.0,Debit,Branch,1
299.03,52.00000000000001,1381.28,39.0,Debit,Branch,1
1.98,170.0,11619.1,66.0,Debit,ATM,2
173.45,161.0,9077.62,31.0,Debit,ATM,2
438.76,73.0,1824.19,22.0,Debit,Branch,1
519.62,40.0,4159.33,71.0,Credit,Online,3
738.68,123.99999999999999,14352.33,50.0,Debit,Online,3
151.14,37.99999999999999,2156.54,64.0,Debit,Online,3
75.77,148.0,8361.7,51.0,Debit,Branch,1
444.52,17.0,5424.6,27.0,Debit,Online,3
5.29,276.0,11263.89,52.0,Debit,Online,3
97.63,127.0,12467.31,48.0,Credit,Online,3
256.95,71.0,2531.24,26.0,Debit,Branch,1
734.86,290.0,6242.03,48.0,Credit,Branch,1
1250.94,107.0,11565.97,36.0,Debit,ATM,2
84.28,142.0,13586.06,39.0,Debit,Branch,1
927.45,95.0,1161.84,24.0,Debit,ATM,2
202.49,69.00000000000001,7447.099999999999,48.0,Credit,ATM,2
154.99,53.00000000000001,1419.31,25.0,Debit,Branch,1
481.53,277.0,6142.54,58.0,Debit,Branch,1
172.92,212.0,416.37,20.0,Debit,Online,3
275.59,238.0,6313.22,53.0,Credit,Branch,1
207.2,133.0,8092.9400000000005,60.0,Debit,Online,3
136.82,14.0,6229.13,31.0,Debit,Branch,1
624.0,132.0,4976.18,26.0,Debit,Branch,1
179.38,28.0,8741.51,30.0,Debit,Online,3
10.15,58.00000000000001,7155.04,59.0,Debit,ATM,2
26.3,33.0,7473.73,32.0,Debit,ATM,2
319.5,69.00000000000001,2366.3,29.0,Credit,Branch,1
182.42,137.0,3051.29,51.0,Debit,Branch,1
716.62,241.0,6987.4,44.0,Debit,ATM,2
222.96,150.0,7370.41,65.0,Credit,ATM,2
79.77,167.0,5010.31,68.0,Debit,ATM,2
431.08,25.000000000000004,6760.22,59.0,Debit,Branch,1
592.24,140.0,9817.05,52.0,Debit,ATM,2
200.19,107.99999999999999,4389.96,52.0,Credit,Branch,1
297.5,80.0,6768.14,73.0,Credit,Branch,1
345.86,145.0,1504.64,51.0,Debit,ATM,2
343.88,97.0,6486.18,63.0,Debit,Online,3
16.52,135.0,835.5299999999999,25.0,Credit,Online,3
162.1,151.0,8576.65,41.0,Debit,Branch,1
36.12,234.0,1593.03,22.0,Debit,Online,3
354.91,191.0,3872.5500000000006,74.0,Debit,ATM,2
38.41,117.0,9129.68,40.0,Debit,ATM,2
53.52,55.0,2227.49,49.0,Debit,Branch,1
498.59,138.0,2619.46,57.0,Debit,Online,3
13.3,63.0,213.0,23.0,Debit,ATM,2
189.65,60.00000000000001,8457.09,21.0,Debit,ATM,2
255.32,26.999999999999996,6290.62,80.0,Debit,ATM,2
230.51,56.0,9522.37,51.0,Credit,Branch,1
237.74,151.99999999999997,11795.12,61.0,Debit,ATM,2
512.76,26.0,5121.36,52.0,Debit,ATM,2
151.37,53.00000000000001,8356.08,54.0,Debit,ATM,2
85.01,157.0,1299.4,25.0,Credit,ATM,2
444.47,61.00000000000001,6062.94,57.0,Debit,Online,3
184.19,58.00000000000001,7588.67,67.0,Debit,ATM,2
879.25,137.0,125.84999999999998,24.0,Credit,Online,3
55.98,87.0,7047.04,24.0,Credit,Branch,1
54.91,275.0,7927.2699999999995,41.0,Credit,ATM,2
1047.69,139.0,1889.7799999999997,20.0,Debit,Online,3
393.74,90.0,1769.06,26.0,Debit,Online,3
58.94,26.0,4575.98,30.0,Debit,Online,3
515.57,56.0,9269.67,27.0,Debit,ATM,2
332.15,105.0,9749.46,59.0,Debit,ATM,2
177.94,173.0,123.23999999999998,19.0,Debit,Online,3
68.68,141.0,4718.51,49.0,Debit,Online,3
1431.54,84.00000000000001,1171.98,20.0,Debit,Online,3
240.03,30.999999999999996,7807.73,33.0,Debit,Online,3
168.34,240.0,7483.01,64.0,Debit,ATM,2
474.77,284.0,8494.53,46.0,Debit,Online,3
451.7,103.0,8994.67,29.0,Debit,Online,3
243.84999999999997,43.0,4576.78,39.0,Debit,Branch,1
5.76,164.0,5859.79,38.0,Debit,Branch,1
435.08,78.0,2103.41,55.0,Debit,Online,3
127.78,170.0,1046.66,20.0,Debit,ATM,2
23.14,93.0,10536.54,47.0,Credit,Online,3
545.87,41.0,4860.01,27.0,Debit,Branch,1
21.21,37.0,9575.42,55.0,Debit,Online,3
423.53,81.0,5453.4,50.0,Credit,Branch,1
142.1,109.0,1545.64,18.0,Credit,Online,3
1413.24,199.0,7272.01,58.0,Debit,ATM,2
114.15,52.00000000000001,1612.4,19.0,Debit,ATM,2
275.98,67.0,6151.05,72.0,Credit,Online,3
590.68,22.999999999999996,852.1999999999999,27.0,Debit,Branch,1
152.42,176.0,9141.79,42.0,Debit,ATM,2
395.77,118.0,6425.99,43.0,Credit,Branch,1
615.16,140.0,214.61,26.0,Debit,Online,3
207.82,30.0,229.02,19.0,Credit,Online,3
220.52,151.99999999999997,1793.09,57.0,Debit,ATM,2
281.47,142.0,4437.48,34.0,Debit,ATM,2
57.91,97.0,3641.06,58.0,Credit,Branch,1
30.48,78.0,11481.85,32.0,Credit,Branch,1
1152.58,180.0,7567.17,65.0,Debit,Branch,1
453.09,97.0,6708.65,48.0,Debit,Branch,1
424.47,116.00000000000001,5491.55,22.0,Debit,Online,3
228.4,116.00000000000001,9598.43,67.0,Debit,ATM,2
67.17,48.0,14410.44,63.0,Debit,Online,3
284.89,115.0,9738.6,53.0,Debit,Online,3
118.69,296.0,749.3399999999999,33.0,Debit,Online,3
221.33,276.0,1185.43,27.0,Debit,ATM,2
252.31,172.0,1584.6,26.0,Credit,ATM,2
58.85,115.0,1789.8,71.0,Credit,Online,3
194.68,165.0,14494.18,32.0,Debit,Online,3
433.53,231.0,6368.32,38.0,Debit,Branch,1
178.26,59.00000000000001,1137.13,59.0,Debit,ATM,2
207.65,98.0,5143.8,34.0,Debit,Online,3
237.0,115.0,14021.4,49.0,Debit,Online,3
1169.59,114.0,5946.45,28.0,Debit,Online,3
347.63,272.0,1400.04,25.0,Credit,Online,3
517.68,24.0,11305.81,31.0,Debit,ATM,2
36.25,75.99999999999999,193.06,52.0,Debit,Branch,1
46.53,34.0,4468.12,42.0,Debit,ATM,2
207.47,12.0,1688.9,53.0,Debit,ATM,2
199.7,285.0,7574.449999999999,43.0,Debit,ATM,2
307.89,90.0,2637.55,62.0,Credit,Online,3
403.63,167.0,3304.02,31.0,Debit,Branch,1
20.06,144.0,445.21,27.0,Debit,ATM,2
236.57,112.0,3488.77,79.0,Debit,ATM,2
0.32,136.0,7158.58,39.0,Debit,ATM,2
14.28,81.0,1597.51,23.0,Debit,ATM,2
232.35,153.0,4186.25,33.0,Credit,Branch,1
317.53,104.0,6237.68,44.0,Debit,Online,3
74.67,283.0,3449.35,43.0,Debit,ATM,2
65.01,67.0,10235.19,29.0,Credit,Online,3
0.45,172.0,8670.23,34.0,Debit,Branch,1
364.13,61.00000000000001,8198.0,63.0,Debit,ATM,2
340.13,32.0,1149.74,24.0,Debit,Branch,1
15.810000000000002,11.0,8384.85,69.0,Debit,Branch,1
222.66,88.0,14466.38,39.0,Debit,Online,3
638.24,64.0,5695.78,48.0,Debit,Branch,1
241.21,107.99999999999999,1220.86,31.0,Debit,ATM,2
171.16,42.00000000000001,6126.5,51.0,Debit,Online,3
1360.67,118.0,2861.65,29.0,Debit,Branch,1
37.65,109.0,411.78,27.0,Credit,Online,3
25.77,18.0,4331.54,68.0,Debit,Online,3
789.8,94.0,13948.09,40.0,Debit,ATM,2
308.85,33.0,333.19,20.0,Credit,Branch,1
1454.52,20.0,1189.03,27.0,Debit,ATM,2
806.97,11.0,102.2,25.0,Debit,Online,3
364.81,53.00000000000001,1145.23,25.0,Debit,Online,3
490.82,114.0,8704.27,26.0,Debit,ATM,2
1021.3799999999999,125.0,6223.26,61.0,Debit,Branch,1
311.28,198.0,135.96,49.0,Debit,Branch,1
85.03,48.0,4597.57,51.0,Debit,ATM,2
307.75,63.0,1061.58,64.0,Debit,Branch,1
333.67,68.00000000000001,9238.08,36.0,Debit,Online,3
589.89,213.0,9404.63,56.0,Debit,Branch,1
372.08,63.0,13330.74,66.0,Debit,Branch,1
502.9,141.0,341.24,26.0,Credit,Online,3
103.81,34.0,7044.63,36.0,Debit,ATM,2
69.43,162.0,9281.85,30.0,Debit,ATM,2
110.4,61.99999999999999,8639.36,56.0,Credit,ATM,2
275.65,14.0,4957.57,28.0,Credit,Branch,1
336.01,121.0,9938.2,63.0,Debit,Online,3
251.8,102.0,11796.66,62.0,Debit,ATM,2
334.07,200.00000000000003,7306.79,59.0,Debit,Branch,1
52.44,87.0,3157.75,27.0,Debit,Online,3
1030.85,39.0,1941.8,25.0,Debit,ATM,2
141.37,77.0,1019.7699999999999,46.0,Debit,Online,3
211.7,205.0,12272.78,50.0,Credit,Online,3
61.39999999999999,20.0,7892.87,41.0,Debit,Branch,1
308.23,22.999999999999996,4150.63,60.0,Debit,ATM,2
111.41,181.0,1204.11,21.0,Debit,Branch,1
675.49,159.0,1892.9999999999998,61.0,Debit,ATM,2
29.72,37.99999999999999,1059.62,26.0,Debit,ATM,2
301.73,163.0,990.7399999999999,67.0,Debit,Online,3
294.61,74.0,7375.59,60.0,Debit,Branch,1
106.43,164.0,9403.12,52.0,Credit,ATM,2
381.52,79.0,5798.92,36.0,Debit,Online,3
1142.76,71.0,1498.93,25.0,Credit,Online,3
5.66,33.0,5434.64,40.0,Debit,Branch,1
209.09,203.0,9100.81,48.0,Debit,ATM,2
521.81,34.0,4750.96,47.0,Debit,ATM,2
588.36,134.0,8434.99,33.0,Debit,Online,3
146.67,273.0,1569.75,20.0,Debit,Online,3
176.52,94.0,7132.08,73.0,Credit,Online,3
57.34,81.0,1100.64,27.0,Debit,Online,3
294.77,101.0,2272.17,77.0,Debit,Online,3
881.32,59.00000000000001,2287.93,31.0,Debit,Online,3
162.59,18.999999999999996,7104.83,64.0,Debit,Branch,1
56.15,77.0,13265.92,31.0,Debit,Branch,1
524.55,175.0,8292.75,39.0,Debit,ATM,2
535.4,110.0,651.8399999999999,23.0,Debit,Branch,1
56.84,185.0,7977.78,45.0,Debit,ATM,2
135.94,258.0,4710.21,71.0,Debit,Branch,1
47.1,178.0,6308.07,42.0,Credit,Branch,1
124.05,220.0,7009.54,61.0,Credit,Branch,1
802.89,175.0,1973.63,19.0,Debit,ATM,2
193.16,109.0,2304.56,64.0,Debit,ATM,2
541.52,161.0,6087.24,48.0,Credit,Branch,1
20.17,86.0,3869.3699999999994,77.0,Debit,ATM,2
35.98,133.0,11147.34,40.0,Credit,Branch,1
273.24,173.0,2202.21,51.0,Debit,Branch,1
663.45,147.0,5897.29,67.0,Debit,ATM,2
343.86,70.0,3278.65,57.0,Debit,Branch,1
69.38,280.0,12072.11,69.0,Debit,Branch,1
75.43,266.0,1441.86,77.0,Debit,ATM,2
414.64,74.0,7253.22,32.0,Debit,Branch,1
86.79,166.0,8795.37,33.0,Debit,Branch,1
1105.88,36.0,2636.32,34.0,Debit,ATM,2
14.1,73.0,6949.21,45.0,Debit,Branch,1
63.330000000000005,123.99999999999999,792.33,23.0,Credit,Branch,1
606.27,42.00000000000001,9668.78,29.0,Debit,Branch,1
4.47,132.0,1381.75,27.0,Debit,Branch,1
289.01,96.0,4226.26,66.0,Debit,Online,3
338.69,169.0,1137.89,18.0,Debit,Branch,1
97.73,156.0,7885.209999999999,69.0,Debit,Branch,1
1021.16,104.0,9427.06,20.0,Debit,ATM,2
27.61,26.0,3679.64,54.0,Credit,ATM,2
284.17,189.0,3479.56,51.0,Debit,ATM,2
76.21,69.00000000000001,664.9299999999998,22.0,Debit,Branch,1
334.79,292.0,624.0899999999999,69.0,Credit,Branch,1
584.51,75.99999999999999,3254.56,74.0,Debit,ATM,2
432.18,162.0,678.8299999999999,18.0,Debit,Branch,1
134.55,165.0,14852.42,59.0,Debit,Online,3
61.66,86.0,5705.4,26.0,Debit,ATM,2
12.35,22.0,1846.85,25.0,Debit,Branch,1
213.25,63.0,677.7899999999998,25.0,Debit,Branch,1
34.93,72.0,2810.37,31.0,Debit,Branch,1
959.48,36.0,10631.43,67.0,Debit,Branch,1
335.68,142.0,1188.95,24.0,Debit,Online,3
423.96,75.0,8374.38,43.0,Debit,ATM,2
361.38,71.0,4972.92,72.0,Credit,Online,3
220.82,30.999999999999996,4298.13,42.0,Debit,Branch,1
717.36,138.0,514.88,22.0,Credit,Online,3
406.12,106.0,10501.53,42.0,Debit,ATM,2
427.83,29.000000000000004,3293.06,47.0,Debit,ATM,2
416.62,67.0,9700.9,26.0,Credit,Online,3
21.9,30.0,1052.27,28.0,Debit,ATM,2
717.74,168.00000000000003,8375.16,42.0,Credit,Online,3
393.68,141.0,10135.88,55.0,Debit,ATM,2
281.91,269.0,225.53,25.0,Debit,Branch,1
239.85,50.00000000000001,1477.63,70.0,Debit,ATM,2
237.84,16.0,8932.39,26.0,Debit,Branch,1
459.29,109.0,1006.12,64.0,Credit,Online,3
196.49,65.0,7516.560000000001,41.0,Debit,Branch,1
21.23,103.0,319.18,23.0,Debit,ATM,2
95.23,60.00000000000001,966.8799999999999,20.0,Debit,Online,3
344.87,25.000000000000004,7447.44,58.0,Debit,Branch,1
129.62,123.99999999999999,620.28,23.0,Credit,ATM,2
16.53,220.0,707.95,21.0,Debit,ATM,2
277.02,227.0,8586.38,46.0,Credit,ATM,2
13.02,42.00000000000001,6076.45,51.0,Debit,Branch,1
199.02,185.0,793.6299999999999,22.0,Debit,ATM,2
684.5,75.99999999999999,6258.63,29.0,Debit,Branch,1
1173.74,61.00000000000001,10456.24,61.0,Credit,Online,3
45.92,22.999999999999996,544.56,26.0,Debit,ATM,2
761.73,26.999999999999996,151.28,19.0,Debit,ATM,2
331.38,122.0,844.5499999999998,42.0,Debit,ATM,2
602.8,173.0,7417.69,60.0,Debit,Branch,1
64.12,222.0,1029.09,57.0,Credit,Branch,1
57.38,86.0,899.5199999999999,28.0,Debit,Online,3
94.64,144.0,586.76,28.0,Credit,ATM,2
155.56,64.0,129.79,19.0,Credit,Branch,1
301.39,104.0,10548.58,47.0,Credit,Online,3
136.31,65.0,4384.95,74.0,Debit,Online,3
4.39,63.0,1429.61,26.0,Debit,ATM,2
429.25,107.0,5019.68,29.0,Debit,Online,3
138.54,93.0,8274.77,60.0,Credit,Branch,1
33.03,28.0,935.8800000000001,21.0,Debit,Branch,1
76.39,80.0,11584.32,30.0,Debit,Online,3
25.32,25.000000000000004,1642.34,19.0,Debit,ATM,2
330.91,28.0,6481.35,36.0,Debit,ATM,2
153.55,16.0,5619.91,37.0,Debit,Online,3
217.61,120.0,1661.1,27.0,Debit,Online,3
131.69,59.00000000000001,2958.43,53.0,Credit,Branch,1
953.17,84.00000000000001,3506.11,60.0,Debit,Online,3
68.49,49.0,6683.31,67.0,Debit,Online,3
1493.0,151.0,1619.16,69.0,Debit,ATM,2
470.62,127.0,12470.62,57.0,Debit,Branch,1
385.35,269.0,5184.13,38.0,Debit,Branch,1
74.72,132.0,165.75,26.0,Debit,Online,3
352.03,219.0,4846.68,27.0,Credit,Online,3
275.87,112.0,1697.58,25.0,Debit,ATM,2
90.94,56.0,3896.08,63.0,Credit,ATM,2
206.25,56.0,3651.07,74.0,Debit,ATM,2
116.76,212.0,4480.43,51.0,Debit,ATM,2
91.5,77.0,667.6599999999999,47.0,Debit,ATM,2
489.31000000000006,36.0,5595.22,43.0,Debit,Branch,1
1664.33,65.0,1588.31,18.0,Debit,Branch,1
414.49,107.99999999999999,12709.58,58.0,Credit,Online,3
315.13,143.0,6570.94,30.0,Debit,Branch,1
28.38,260.0,8892.62,45.0,Debit,Branch,1
456.05,20.0,11729.51,68.0,Debit,Branch,1
277.22,41.0,12104.51,35.0,Debit,Branch,1
54.84,123.99999999999999,3495.51,52.0,Debit,Online,3
29.92,63.0,7855.01,68.0,Credit,Online,3
133.06,143.0,8843.44,35.0,Debit,Online,3
332.06,221.0,11826.52,29.0,Debit,ATM,2
14.34,24.0,7932.509999999999,67.0,Credit,Online,3
468.32,151.99999999999997,4710.04,69.0,Debit,Online,3
582.17,135.0,7310.83,57.0,Debit,Branch,1
245.62,127.0,1879.8200000000002,23.0,Debit,Branch,1
981.9,112.0,9018.33,43.0,Credit,Online,3
83.6,192.0,13899.24,47.0,Debit,ATM,2
331.22,161.0,12613.25,61.0,Credit,Branch,1
57.49,177.0,765.1499999999999,24.0,Credit,Online,3
85.58,60.00000000000001,7794.84,55.0,Debit,ATM,2
157.56,159.0,7541.160000000001,43.0,Debit,Branch,1
230.3,24.0,8356.88,46.0,Debit,Online,3
305.92,88.0,1445.47,72.0,Debit,ATM,2
942.7,29.000000000000004,5141.32,35.0,Debit,Online,3
116.33,144.0,1696.15,27.0,Debit,Branch,1
537.71,175.0,1806.08,19.0,Credit,Online,3
538.17,252.0,5908.04,27.0,Credit,Branch,1
219.44,22.999999999999996,4207.27,42.0,Debit,Online,3
61.62,18.999999999999996,8365.37,57.0,Debit,Online,3
58.77,191.0,7261.7,27.0,Debit,Online,3
538.13,165.0,5008.59,62.0,Debit,ATM,2
177.05,235.0,4287.82,24.0,Debit,Branch,1
403.01,286.0,10513.52,63.0,Debit,Online,3
719.76,190.0,690.5199999999999,19.0,Debit,Branch,1
163.22,217.0,1788.27,26.0,Debit,Online,3
242.85,93.0,4672.8,42.0,Debit,Online,3
291.22,100.00000000000001,3677.63,41.0,Credit,Online,3
56.52,151.99999999999997,6911.2,42.0,Debit,ATM,2
195.8,186.0,12027.68,39.0,Debit,Online,3
66.76,44.0,184.72,36.0,Credit,Branch,1
190.9,40.0,101.25,28.0,Debit,Online,3
106.99,151.99999999999997,5771.4,38.0,Debit,Branch,1
655.81,164.0,4539.99,55.0,Debit,ATM,2
107.1,175.0,193.8,25.0,Credit,Online,3
79.92,274.0,9138.76,44.0,Debit,ATM,2
430.83,292.0,941.4899999999999,18.0,Debit,Branch,1
235.34,68.00000000000001,566.83,26.0,Debit,Branch,1
86.35,24.0,1550.48,52.0,Credit,Branch,1
337.99,115.0,9038.63,70.0,Debit,ATM,2
577.13,66.0,6640.51,40.0,Credit,Branch,1
213.33,161.0,5400.44,52.0,Debit,ATM,2
54.52,164.0,6980.98,32.0,Debit,Branch,1
100.13,168.00000000000003,5209.16,57.0,Debit,Branch,1
883.92,129.0,2342.64,53.0,Credit,Online,3
69.8,138.0,136.77,27.0,Credit,Branch,1
768.94,53.00000000000001,6860.18,64.0,Debit,Branch,1
179.62,119.0,409.26,24.0,Debit,Online,3
425.91,47.0,383.58,23.0,Debit,ATM,2
263.34,55.0,2411.02,64.0,Debit,ATM,2
113.03,12.0,6756.13,36.0,Credit,Online,3
11.02,42.00000000000001,7879.66,42.0,Debit,Online,3
865.17,161.0,9297.5,24.0,Debit,Branch,1
152.0,63.0,7531.429999999999,51.0,Debit,ATM,2
270.39,104.0,899.15,25.0,Debit,ATM,2
246.40999999999997,22.999999999999996,1431.6,54.0,Debit,ATM,2
336.84,100.00000000000001,4500.26,22.0,Debit,ATM,2
261.45,96.0,6735.74,50.0,Credit,Online,3
99.98,151.99999999999997,3037.97,73.0,Credit,Online,3
400.69,26.0,9040.33,32.0,Debit,Online,3
411.47,120.0,796.63,26.0,Debit,ATM,2
204.63,91.99999999999999,9199.52,52.0,Debit,Online,3
421.56,144.0,8037.870000000001,53.0,Debit,Online,3
193.38,285.0,1081.79,18.0,Debit,ATM,2
377.04,64.0,3812.87,34.0,Debit,ATM,2
54.1,17.0,940.91,28.0,Credit,Branch,1
18.1,66.0,6474.34,57.0,Debit,ATM,2
408.62,159.0,2498.48,48.0,Credit,Online,3
162.1,221.0,9578.74,64.0,Debit,Branch,1
165.31,28.0,7346.66,49.0,Debit,ATM,2
267.48,159.0,811.86,21.0,Debit,ATM,2
856.9,150.0,8579.69,36.0,Debit,Branch,1
433.9,37.0,9013.1,65.0,Debit,Online,3
271.22,87.0,6863.02,45.0,Credit,ATM,2
307.68,162.0,2052.84,75.0,Credit,Online,3
348.17,181.0,1887.84,21.0,Debit,ATM,2
43.1,102.0,6944.9,25.0,Debit,Branch,1
557.78,102.0,1289.48,26.0,Credit,Branch,1
325.6,88.0,13777.1,69.0,Debit,ATM,2
235.83,169.0,4120.75,53.0,Credit,Online,3
603.54,26.0,10517.47,44.0,Debit,Online,3
270.25,42.00000000000001,5414.97,31.0,Debit,ATM,2
123.38,40.0,13542.41,59.0,Debit,Online,3
577.12,69.00000000000001,5265.88,39.0,Debit,ATM,2
92.24,93.0,6937.48,60.0,Debit,Branch,1
856.21,109.0,12690.79,33.0,Credit,Branch,1
251.54000000000002,177.0,254.75,48.0,Debit,Branch,1
28.63,146.0,3382.91,56.0,Debit,Branch,1
185.97,18.999999999999996,1776.91,23.0,Debit,Online,3
243.08000000000004,93.0,131.25,24.0,Credit,Online,3
